CHROM,POS,ID,clinical_significance,disease
chr4,113613212,rs50000,uncertain_significance,marfan_syndrome
chr10,86629055,rs50014,pathogenic,heart_disease
chr4,144414623,rs50018,uncertain_significance,lung_cancer
chr14,92543849,rs50032,benign,li_fraumeni_syndrome
chr9,118277906,rs50044,likely_benign,neurofibromatosis
chr8,119703942,rs50066,uncertain_significance,parkinsons
chr17,21173867,rs50071,benign,lung_cancer
chr5,167213668,rs50090,uncertain_significance,sickle_cell_disease
chr7,9937094,rs50108,uncertain_significance,retinoblastoma
chr2,181641687,rs50124,benign,alzheimers
chr2,18173653,rs50150,uncertain_significance,ovarian_cancer
chrX,47406956,rs50171,uncertain_significance,marfan_syndrome
chrX,81467081,rs50182,benign,retinoblastoma
chr12,72739626,rs50203,benign,lynch_syndrome
chr6,165217635,rs50220,pathogenic,huntingtons
chr15,12374889,rs50235,uncertain_significance,sickle_cell_disease
chr7,41574797,rs50263,uncertain_significance,lynch_syndrome
chr6,149386699,rs50267,uncertain_significance,breast_cancer
chr16,17278807,rs50289,pathogenic,cardiomyopathy
chr2,114416903,rs50302,likely_benign,diabetes_type2
chr12,86461589,rs50306,likely_benign,breast_cancer
chr20,26455292,rs50334,benign,li_fraumeni_syndrome
chr2,68126346,rs50345,likely_pathogenic,alzheimers
chr1,17583781,rs50366,likely_pathogenic,li_fraumeni_syndrome
chr2,165969034,rs50372,benign,marfan_syndrome
chr5,133426956,rs50375,likely_pathogenic,parkinsons
chr19,44696954,rs50397,benign,breast_cancer
chr5,103042204,rs50425,likely_benign,heart_disease
chr2,191682508,rs50441,benign,alzheimers
chr15,66927750,rs50468,pathogenic,breast_cancer
chr14,19384839,rs50475,likely_benign,cystic_fibrosis
chr1,213891627,rs50495,likely_benign,diabetes_type1
chr20,15913267,rs50516,benign,heart_disease
chr16,42495480,rs50525,likely_pathogenic,prostate_cancer
chr20,30109597,rs50533,uncertain_significance,lung_cancer
chr8,84648452,rs50542,uncertain_significance,ovarian_cancer
chr9,111485908,rs50568,likely_benign,cardiomyopathy
chr3,163755098,rs50586,likely_benign,alzheimers
chr5,112688467,rs50598,uncertain_significance,heart_disease
chr12,56546287,rs50609,likely_benign,breast_cancer
chr6,106687590,rs50637,likely_benign,marfan_syndrome
chr1,10736302,rs50661,likely_benign,neurofibromatosis
chr1,25433908,rs50679,benign,breast_cancer
chrX,127387547,rs50688,likely_pathogenic,huntingtons
chr1,106102054,rs50690,likely_benign,huntingtons
chr10,114100109,rs50712,pathogenic,heart_disease
chr3,133786785,rs50715,uncertain_significance,sickle_cell_disease
chr9,72405855,rs50732,likely_benign,cardiomyopathy
chr3,59828067,rs50760,uncertain_significance,cystic_fibrosis
chr4,133405715,rs50788,pathogenic,neurofibromatosis
chrY,11199748,rs50811,likely_benign,lung_cancer
chr13,86783787,rs50823,uncertain_significance,lung_cancer
chr15,23284877,rs50844,benign,prostate_cancer
chr4,67066689,rs50854,likely_benign,wilms_tumor
chr10,92886870,rs50865,benign,cardiomyopathy
chr18,13618724,rs50894,benign,alzheimers
chr16,63594453,rs50899,uncertain_significance,heart_disease
chr18,43428296,rs50923,pathogenic,ovarian_cancer
chr4,119247197,rs50939,uncertain_significance,sickle_cell_disease
chr2,167009545,rs50942,benign,lung_cancer
chrY,54633049,rs50964,benign,colorectal_cancer
chr6,18317941,rs50993,pathogenic,diabetes_type1
chr10,57428686,rs50996,likely_benign,wilms_tumor
chr6,48710325,rs51013,benign,breast_cancer
chr4,17579066,rs51040,uncertain_significance,wilms_tumor
chr1,117322043,rs51066,likely_benign,ovarian_cancer
chr1,215700881,rs51077,uncertain_significance,sickle_cell_disease
chr4,82129605,rs51099,benign,colorectal_cancer
chr5,116649843,rs51110,pathogenic,diabetes_type1
chr20,38467911,rs51129,uncertain_significance,huntingtons
chr16,32580458,rs51155,benign,wilms_tumor
chr3,22802312,rs51175,likely_pathogenic,lynch_syndrome
chr18,47427054,rs51184,benign,marfan_syndrome
chr20,29538177,rs51209,pathogenic,heart_disease
chr1,168574116,rs51212,likely_benign,alzheimers
chr17,67256610,rs51214,benign,wilms_tumor
chr7,72258399,rs51239,likely_benign,diabetes_type2
chr1,152807050,rs51260,likely_pathogenic,diabetes_type2
chr1,184325635,rs51268,pathogenic,prostate_cancer
chrX,67154340,rs51287,benign,sickle_cell_disease
chr7,90369566,rs51302,likely_benign,retinoblastoma
chr3,105075184,rs51307,uncertain_significance,prostate_cancer
chrY,18246136,rs51334,benign,heart_disease
chr12,68529723,rs51356,benign,alzheimers
chr1,81688738,rs51379,likely_pathogenic,alzheimers
chr8,50288176,rs51388,likely_benign,ovarian_cancer
chr2,59504449,rs51408,pathogenic,li_fraumeni_syndrome
chrX,64451672,rs51433,likely_benign,diabetes_type1
chr8,30474647,rs51435,likely_benign,li_fraumeni_syndrome
chr1,222888617,rs51461,pathogenic,diabetes_type2
chr5,176203060,rs51490,uncertain_significance,li_fraumeni_syndrome
chr14,41191607,rs51511,likely_pathogenic,marfan_syndrome
chr9,52558688,rs51512,benign,retinoblastoma
chr16,49039848,rs51516,likely_benign,huntingtons
chr18,16167671,rs51530,benign,retinoblastoma
chr13,13059041,rs51534,benign,breast_cancer
chr5,103136496,rs51551,uncertain_significance,lynch_syndrome
chr2,226756042,rs51554,pathogenic,prostate_cancer
chr11,17393154,rs51579,uncertain_significance,ovarian_cancer
chr1,1559758,rs51603,uncertain_significance,neurofibromatosis
chr17,12856499,rs51627,likely_pathogenic,heart_disease
chr1,209846385,rs51645,likely_pathogenic,parkinsons
chr3,157433996,rs51657,uncertain_significance,ovarian_cancer
chr14,50486341,rs51674,likely_pathogenic,breast_cancer
chr5,90033641,rs51696,likely_benign,lung_cancer
chr3,27664039,rs51715,uncertain_significance,wilms_tumor
chr12,31276623,rs51719,pathogenic,retinoblastoma
chr16,31579613,rs51742,uncertain_significance,neurofibromatosis
chrX,49309064,rs51766,benign,alzheimers
chr3,142492166,rs51792,pathogenic,cardiomyopathy
chr14,73248218,rs51818,benign,li_fraumeni_syndrome
chr6,61316091,rs51838,likely_pathogenic,colorectal_cancer
chr4,160896636,rs51841,likely_benign,parkinsons
chr11,56193693,rs51865,uncertain_significance,cardiomyopathy
chr2,156957804,rs51880,likely_benign,marfan_syndrome
chr10,71433525,rs51899,likely_benign,diabetes_type2
chr4,56635465,rs51901,likely_benign,diabetes_type2
chr5,90607716,rs51902,benign,prostate_cancer
chrX,49756121,rs51929,likely_benign,retinoblastoma
chr20,28673272,rs51939,likely_benign,sickle_cell_disease
chr7,66120561,rs51961,benign,li_fraumeni_syndrome
chr9,9240659,rs51974,likely_pathogenic,cardiomyopathy
chr18,4469354,rs51975,uncertain_significance,li_fraumeni_syndrome
chr9,62468786,rs51981,uncertain_significance,marfan_syndrome
chr4,54659451,rs51984,benign,retinoblastoma
chr11,54495609,rs51993,likely_pathogenic,wilms_tumor
chr3,124528679,rs52002,uncertain_significance,marfan_syndrome
chr14,59036719,rs52019,likely_pathogenic,ovarian_cancer
chr1,155341602,rs52020,benign,neurofibromatosis
chr14,55756090,rs52028,likely_benign,neurofibromatosis
chr6,88196599,rs52029,uncertain_significance,retinoblastoma
chr8,143042879,rs52039,likely_benign,colorectal_cancer
chr11,14418935,rs52052,uncertain_significance,heart_disease
chr1,225467089,rs52076,likely_pathogenic,parkinsons
chr9,80975217,rs52085,benign,ovarian_cancer
chr12,26358328,rs52113,benign,parkinsons
chr12,90809062,rs52140,benign,neurofibromatosis
chr12,128980517,rs52166,pathogenic,lung_cancer
chr9,27571339,rs52181,pathogenic,prostate_cancer
chr11,121595992,rs52207,likely_pathogenic,breast_cancer
chr15,14693326,rs52211,likely_benign,breast_cancer
chr22,10761557,rs52217,benign,li_fraumeni_syndrome
chr3,168445973,rs52233,uncertain_significance,sickle_cell_disease
chr17,37371475,rs52251,uncertain_significance,breast_cancer
chr5,24938779,rs52254,benign,wilms_tumor
chr19,46904631,rs52278,uncertain_significance,ovarian_cancer
chr5,180066282,rs52292,benign,diabetes_type1
chr4,26237809,rs52309,uncertain_significance,diabetes_type2
chr10,13453859,rs52330,pathogenic,ovarian_cancer
chr13,109128145,rs52337,uncertain_significance,colorectal_cancer
chr7,56912767,rs52349,likely_pathogenic,marfan_syndrome
chr13,98798221,rs52371,benign,lynch_syndrome
chr2,173020561,rs52385,pathogenic,lung_cancer
chr9,64138258,rs52408,benign,li_fraumeni_syndrome
chr7,68098986,rs52430,likely_pathogenic,alzheimers
chr12,84369523,rs52449,pathogenic,alzheimers
chr11,68860662,rs52453,likely_pathogenic,heart_disease
chrY,36446345,rs52472,likely_benign,breast_cancer
chr9,38353226,rs52487,likely_benign,breast_cancer
chr3,64648546,rs52495,benign,breast_cancer
chr12,5386160,rs52514,pathogenic,li_fraumeni_syndrome
chr8,106113949,rs52529,pathogenic,li_fraumeni_syndrome
chr3,72410437,rs52536,uncertain_significance,diabetes_type1
chr15,59880551,rs52562,likely_benign,li_fraumeni_syndrome
chr18,72999163,rs52583,benign,parkinsons
chr13,14054780,rs52612,pathogenic,cardiomyopathy
chr9,101437249,rs52628,uncertain_significance,lynch_syndrome
chr3,10249580,rs52657,likely_pathogenic,diabetes_type1
chr8,34783891,rs52676,benign,marfan_syndrome
chr8,56692405,rs52678,benign,heart_disease
chr1,132637056,rs52692,likely_pathogenic,heart_disease
chr19,42298095,rs52708,likely_benign,marfan_syndrome
chr1,100150073,rs52733,pathogenic,lung_cancer
chr9,21672157,rs52750,pathogenic,colorectal_cancer
chr3,163296950,rs52777,benign,prostate_cancer
chr8,136277114,rs52791,uncertain_significance,parkinsons
chr17,65452593,rs52802,pathogenic,lung_cancer
chr15,73741007,rs52811,pathogenic,heart_disease
chr7,137267045,rs52827,likely_benign,diabetes_type1
chr13,36515316,rs52843,pathogenic,retinoblastoma
chr11,49908283,rs52860,likely_benign,diabetes_type2
chr15,8497553,rs52867,likely_benign,colorectal_cancer
chr7,104379226,rs52883,uncertain_significance,alzheimers
chr5,171675069,rs52887,likely_benign,lynch_syndrome
chr3,5698619,rs52900,likely_pathogenic,lung_cancer
chr7,141040332,rs52925,benign,marfan_syndrome
chr10,95211226,rs52935,pathogenic,retinoblastoma
chr17,14004882,rs52937,likely_pathogenic,diabetes_type2
chr9,50516163,rs52954,likely_benign,breast_cancer
chr9,57628640,rs52960,benign,huntingtons
chr3,140888932,rs52988,likely_pathogenic,diabetes_type1
chr15,39290063,rs52995,benign,diabetes_type2
chr16,49172325,rs52999,benign,heart_disease
chr1,41130559,rs53019,pathogenic,colorectal_cancer
chr17,21646140,rs53041,uncertain_significance,lynch_syndrome
chr5,98437176,rs53065,uncertain_significance,heart_disease
chr14,45191245,rs53079,pathogenic,heart_disease
chr4,60998838,rs53085,pathogenic,lynch_syndrome
chr17,60727595,rs53114,likely_benign,alzheimers
chr1,121658203,rs53143,benign,lynch_syndrome
chr7,21821297,rs53146,pathogenic,retinoblastoma
chr7,58834846,rs53149,likely_benign,colorectal_cancer
chr1,73657759,rs53177,uncertain_significance,li_fraumeni_syndrome
chr15,33019808,rs53191,uncertain_significance,parkinsons
chr1,3924483,rs53214,benign,alzheimers
chr6,29327428,rs53230,likely_benign,retinoblastoma
chr7,85456970,rs53259,benign,wilms_tumor
chr10,105917271,rs53288,benign,lung_cancer
chr5,118873797,rs53312,benign,cystic_fibrosis
chr8,101648554,rs53339,uncertain_significance,huntingtons
chr1,74149771,rs53359,likely_benign,neurofibromatosis
chr2,214950987,rs53388,likely_benign,cardiomyopathy
chr12,23612249,rs53409,pathogenic,retinoblastoma
chr15,23846148,rs53418,pathogenic,cystic_fibrosis
chr1,73985778,rs53419,benign,huntingtons
chr3,82226580,rs53434,likely_benign,parkinsons
chr8,74614056,rs53452,likely_benign,diabetes_type2
chr9,68870234,rs53474,pathogenic,ovarian_cancer
chr17,75495234,rs53487,pathogenic,parkinsons
chr11,65026708,rs53491,pathogenic,li_fraumeni_syndrome
chr11,25653876,rs53499,uncertain_significance,parkinsons
chr3,166159291,rs53522,likely_benign,cardiomyopathy
chrY,56272677,rs53537,likely_benign,heart_disease
chrX,111289205,rs53547,likely_pathogenic,diabetes_type1
chr7,90029324,rs53561,likely_benign,alzheimers
chrX,97081235,rs53578,benign,neurofibromatosis
chr7,135751956,rs53592,likely_pathogenic,alzheimers
chr1,4109071,rs53610,benign,ovarian_cancer
chr15,88826440,rs53615,pathogenic,heart_disease
chr3,23969984,rs53623,likely_pathogenic,alzheimers
chr4,183909425,rs53631,likely_benign,prostate_cancer
chr3,99806724,rs53635,likely_pathogenic,lung_cancer
chr17,82358283,rs53653,likely_benign,ovarian_cancer
chr8,131237130,rs53681,likely_pathogenic,colorectal_cancer
chr1,211498812,rs53689,pathogenic,alzheimers
chr17,2873525,rs53712,benign,sickle_cell_disease
chr6,116175784,rs53736,uncertain_significance,marfan_syndrome
chr1,5826039,rs53753,benign,cardiomyopathy
chrX,67960026,rs53760,benign,sickle_cell_disease
chr14,102302143,rs53787,benign,retinoblastoma
chr12,99908345,rs53799,likely_benign,lynch_syndrome
chr5,70823620,rs53802,likely_benign,heart_disease
chr3,59892561,rs53829,pathogenic,retinoblastoma
chr14,55392444,rs53846,uncertain_significance,prostate_cancer
chrX,126340283,rs53872,pathogenic,colorectal_cancer
chr3,135535350,rs53878,uncertain_significance,diabetes_type2
chrX,37625928,rs53880,likely_benign,colorectal_cancer
chrX,81540864,rs53905,likely_pathogenic,ovarian_cancer
chr3,108393599,rs53932,likely_pathogenic,wilms_tumor
chr4,56896918,rs53941,pathogenic,alzheimers
chr16,10002708,rs53945,likely_benign,prostate_cancer
chr8,51562445,rs53965,likely_pathogenic,heart_disease
chr22,37834861,rs53982,likely_pathogenic,heart_disease
chr22,19596399,rs54005,benign,ovarian_cancer
chr8,45422041,rs54032,pathogenic,lung_cancer
chr15,55500287,rs54061,likely_benign,sickle_cell_disease
chr15,98207453,rs54078,uncertain_significance,sickle_cell_disease
chr13,55376478,rs54092,pathogenic,li_fraumeni_syndrome
chr9,132414644,rs54113,likely_benign,wilms_tumor
chr4,173868857,rs54123,uncertain_significance,marfan_syndrome
chr3,107252451,rs54143,benign,cardiomyopathy
chr5,121043084,rs54154,likely_benign,heart_disease
chr4,34895116,rs54155,likely_benign,alzheimers
chr6,3305611,rs54156,pathogenic,li_fraumeni_syndrome
chr3,188950229,rs54163,uncertain_significance,diabetes_type2
chr6,23835238,rs54184,likely_benign,retinoblastoma
chr9,108422377,rs54189,likely_pathogenic,parkinsons
chr5,84634773,rs54206,likely_pathogenic,heart_disease
chrX,66556572,rs54225,likely_benign,retinoblastoma
chr3,196084764,rs54252,likely_benign,ovarian_cancer
chr20,20151876,rs54254,likely_pathogenic,parkinsons
chr5,77821197,rs54276,likely_benign,li_fraumeni_syndrome
chr13,91735534,rs54296,likely_pathogenic,colorectal_cancer
chr2,2848440,rs54315,uncertain_significance,alzheimers
chr5,94797608,rs54342,uncertain_significance,heart_disease
chrX,65771890,rs54343,pathogenic,cardiomyopathy
chr4,97206456,rs54347,likely_pathogenic,huntingtons
chr7,6519586,rs54359,likely_pathogenic,alzheimers
chr21,29598612,rs54362,benign,colorectal_cancer
chr5,30271418,rs54370,pathogenic,marfan_syndrome
chr8,127219375,rs54397,uncertain_significance,neurofibromatosis
chr20,12563927,rs54399,likely_pathogenic,lynch_syndrome
chr4,13356633,rs54403,pathogenic,wilms_tumor
chr17,73414101,rs54405,benign,diabetes_type2
chr13,53256186,rs54434,pathogenic,marfan_syndrome
chr7,90645464,rs54460,benign,diabetes_type2
chr21,892016,rs54485,likely_benign,prostate_cancer
chr10,51982997,rs54497,uncertain_significance,heart_disease
chr12,100444099,rs54525,benign,wilms_tumor
chr1,60348919,rs54533,uncertain_significance,ovarian_cancer
chr2,56526517,rs54544,benign,sickle_cell_disease
chr10,32320709,rs54567,uncertain_significance,lung_cancer
chr14,5125820,rs54576,likely_benign,cystic_fibrosis
chr2,204113498,rs54595,benign,cardiomyopathy
chr1,137657018,rs54608,likely_pathogenic,lung_cancer
chr1,226625076,rs54629,likely_benign,heart_disease
chrY,51267969,rs54654,pathogenic,alzheimers
chr6,47468949,rs54655,uncertain_significance,diabetes_type2
chr20,54457552,rs54670,pathogenic,li_fraumeni_syndrome
chr5,92596826,rs54678,pathogenic,li_fraumeni_syndrome
chr6,162746797,rs54691,benign,huntingtons
chr6,60011151,rs54697,likely_benign,sickle_cell_disease
chr8,71926776,rs54719,pathogenic,ovarian_cancer
chrX,135601369,rs54722,pathogenic,ovarian_cancer
chr5,155558598,rs54724,likely_benign,neurofibromatosis
chr5,117051918,rs54751,pathogenic,cystic_fibrosis
chr2,216018963,rs54765,pathogenic,colorectal_cancer
chr1,181102483,rs54776,benign,lynch_syndrome
chr1,30717848,rs54796,benign,diabetes_type1
chr4,186291265,rs54825,benign,sickle_cell_disease
chr9,120686501,rs54828,likely_pathogenic,prostate_cancer
chr10,125220560,rs54844,uncertain_significance,prostate_cancer
chr7,78495584,rs54872,likely_benign,colorectal_cancer
chr4,10425112,rs54885,likely_benign,cardiomyopathy
chr5,103072706,rs54900,pathogenic,cystic_fibrosis
chr22,44729322,rs54908,likely_benign,colorectal_cancer
chr2,9989350,rs54937,pathogenic,diabetes_type1
chr14,51417259,rs54955,likely_benign,diabetes_type2
chrX,17353732,rs54968,uncertain_significance,alzheimers
chr18,65586600,rs54997,benign,ovarian_cancer
chr21,40180088,rs55023,benign,alzheimers
chr1,175469969,rs55050,likely_pathogenic,li_fraumeni_syndrome
chr14,8830853,rs55054,uncertain_significance,colorectal_cancer
chrX,108285908,rs55076,likely_benign,parkinsons
chr8,129661930,rs55098,uncertain_significance,cystic_fibrosis
chr12,2343137,rs55101,pathogenic,cardiomyopathy
chr3,13710026,rs55119,uncertain_significance,ovarian_cancer
chr5,180139735,rs55138,pathogenic,sickle_cell_disease
chr10,20410863,rs55163,likely_benign,alzheimers
chr2,77755706,rs55188,uncertain_significance,huntingtons
chr3,99313712,rs55211,pathogenic,parkinsons
chr1,96410005,rs55213,uncertain_significance,li_fraumeni_syndrome
chr4,119052546,rs55235,pathogenic,neurofibromatosis
chr1,169186635,rs55247,benign,neurofibromatosis
chr18,53289147,rs55263,uncertain_significance,cystic_fibrosis
chr5,172906800,rs55289,benign,sickle_cell_disease
chr10,26875638,rs55299,pathogenic,marfan_syndrome
chr4,125598983,rs55301,benign,heart_disease
chr2,152453261,rs55316,uncertain_significance,li_fraumeni_syndrome
chr4,20638677,rs55327,uncertain_significance,lynch_syndrome
chr3,107177821,rs55335,uncertain_significance,lynch_syndrome
chr5,162333767,rs55350,uncertain_significance,ovarian_cancer
chr14,67178383,rs55363,likely_benign,wilms_tumor
chr3,40784490,rs55367,uncertain_significance,wilms_tumor
chr10,65091865,rs55388,likely_pathogenic,lung_cancer
chr7,63808438,rs55394,benign,retinoblastoma
chr13,25492109,rs55398,likely_benign,prostate_cancer
chr20,21753780,rs55409,likely_pathogenic,diabetes_type1
chr2,99235366,rs55424,uncertain_significance,marfan_syndrome
chr17,72336393,rs55430,pathogenic,ovarian_cancer
chr2,216685182,rs55434,benign,prostate_cancer
chr4,80443170,rs55445,uncertain_significance,alzheimers
chr9,50147491,rs55458,benign,retinoblastoma
chrY,10223904,rs55483,benign,alzheimers
chr7,76384572,rs55485,benign,lynch_syndrome
chr12,101071271,rs55509,benign,breast_cancer
chr2,159113557,rs55530,likely_benign,marfan_syndrome
chr17,38177375,rs55534,uncertain_significance,breast_cancer
chr12,132797621,rs55551,likely_benign,alzheimers
chr19,39052396,rs55561,pathogenic,heart_disease
chr2,113057099,rs55580,pathogenic,colorectal_cancer
chr13,2112369,rs55593,likely_benign,lynch_syndrome
chr1,5782198,rs55615,likely_pathogenic,alzheimers
chr13,62632744,rs55635,likely_benign,cardiomyopathy
chr12,4639023,rs55636,likely_benign,sickle_cell_disease
chr11,59628274,rs55641,pathogenic,lynch_syndrome
chr5,176215514,rs55652,uncertain_significance,heart_disease
chr2,119588698,rs55677,likely_benign,lung_cancer
chr18,59972647,rs55686,likely_benign,retinoblastoma
chr10,79015320,rs55714,likely_pathogenic,huntingtons
chr6,66075148,rs55736,benign,diabetes_type1
chr9,29609866,rs55741,pathogenic,neurofibromatosis
chr2,215634594,rs55755,benign,diabetes_type2
chr14,51983780,rs55781,benign,lynch_syndrome
chrY,50385336,rs55803,likely_pathogenic,sickle_cell_disease
chr13,36183570,rs55828,likely_pathogenic,sickle_cell_disease
chr4,130529979,rs55834,likely_benign,heart_disease
chr2,20901607,rs55839,likely_benign,lynch_syndrome
chr21,39247447,rs55853,pathogenic,huntingtons
chr2,137090604,rs55867,uncertain_significance,marfan_syndrome
chr9,24747781,rs55884,uncertain_significance,heart_disease
chr5,69578795,rs55897,pathogenic,colorectal_cancer
chr6,19247187,rs55898,pathogenic,heart_disease
chr20,47701716,rs55912,uncertain_significance,diabetes_type2
chr17,38837855,rs55915,likely_benign,ovarian_cancer
chr6,63993928,rs55937,benign,cystic_fibrosis
chr2,222895691,rs55960,uncertain_significance,parkinsons
chr9,14223888,rs55967,uncertain_significance,colorectal_cancer
chr17,62023738,rs55970,likely_pathogenic,li_fraumeni_syndrome
chr8,127995912,rs55991,likely_benign,breast_cancer
chr12,14284451,rs56020,benign,cystic_fibrosis
chr10,28963092,rs56025,uncertain_significance,retinoblastoma
chr9,128850907,rs56034,likely_benign,sickle_cell_disease
chr1,148354134,rs56047,benign,sickle_cell_disease
chr18,37562579,rs56075,pathogenic,alzheimers
chr9,99057963,rs56083,benign,wilms_tumor
chr12,85543664,rs56096,uncertain_significance,marfan_syndrome
chr10,64384974,rs56103,likely_benign,parkinsons
chr1,93572371,rs56114,likely_pathogenic,diabetes_type2
chr12,124208348,rs56120,uncertain_significance,heart_disease
chr10,49270646,rs56121,benign,parkinsons
chr21,10463129,rs56136,likely_benign,huntingtons
chr5,17509939,rs56148,benign,lynch_syndrome
chr1,70984281,rs56169,likely_benign,wilms_tumor
chr13,89924683,rs56198,likely_benign,parkinsons
chr6,3775703,rs56215,pathogenic,parkinsons
chrX,12194330,rs56228,pathogenic,retinoblastoma
chr1,176319246,rs56253,pathogenic,li_fraumeni_syndrome
chr2,221791982,rs56267,benign,marfan_syndrome
chr8,801126,rs56287,likely_benign,wilms_tumor
chr6,76807488,rs56297,benign,diabetes_type1
chr12,73297618,rs56320,pathogenic,alzheimers
chr4,108484080,rs56337,pathogenic,wilms_tumor
chr5,161224428,rs56366,likely_benign,prostate_cancer
chr14,91615659,rs56387,pathogenic,breast_cancer
chr1,219667634,rs56409,pathogenic,heart_disease
chr6,128721652,rs56418,likely_benign,huntingtons
chr2,202232988,rs56445,uncertain_significance,colorectal_cancer
chr2,142506244,rs56473,pathogenic,lynch_syndrome
chr5,139222960,rs56478,benign,parkinsons
chr16,40966412,rs56485,likely_benign,diabetes_type1
chr13,45525375,rs56489,uncertain_significance,sickle_cell_disease
chr6,130665046,rs56515,benign,ovarian_cancer
chr1,86179754,rs56534,pathogenic,cystic_fibrosis
chrX,94773403,rs56535,uncertain_significance,cystic_fibrosis
chr17,18866923,rs56542,benign,wilms_tumor
chr1,231751852,rs56563,pathogenic,diabetes_type1
chr21,35284716,rs56585,likely_pathogenic,breast_cancer
chr18,40320607,rs56591,benign,neurofibromatosis
chr4,15234146,rs56617,pathogenic,lung_cancer
chr17,27740294,rs56646,likely_benign,lynch_syndrome
chr19,35985063,rs56656,benign,retinoblastoma
chr11,39117065,rs56684,pathogenic,ovarian_cancer
chr11,58807850,rs56710,benign,alzheimers
chr10,129098618,rs56731,likely_benign,marfan_syndrome
chr2,235336458,rs56746,likely_pathogenic,colorectal_cancer
chr1,97897071,rs56774,benign,retinoblastoma
chr20,21453320,rs56780,pathogenic,marfan_syndrome
chr9,110850499,rs56803,benign,lynch_syndrome
chr10,13028848,rs56816,benign,sickle_cell_disease
chr2,182720839,rs56825,likely_benign,lung_cancer
chr3,177253784,rs56840,likely_benign,breast_cancer
chr5,114738384,rs56857,benign,li_fraumeni_syndrome
chr1,192788492,rs56871,pathogenic,huntingtons
chr9,13856902,rs56896,likely_benign,neurofibromatosis
chr22,33744718,rs56911,pathogenic,retinoblastoma
chr5,68597408,rs56939,benign,wilms_tumor
chr10,95427652,rs56954,uncertain_significance,lynch_syndrome
chrX,110204696,rs56968,pathogenic,sickle_cell_disease
chr4,148028953,rs56984,pathogenic,marfan_syndrome
chr3,108220362,rs57004,pathogenic,marfan_syndrome
chr22,43958767,rs57027,likely_pathogenic,parkinsons
chr18,53355495,rs57040,likely_benign,huntingtons
chr17,25372076,rs57061,benign,retinoblastoma
chr14,79567574,rs57085,pathogenic,retinoblastoma
chr5,97283804,rs57108,likely_benign,breast_cancer
chr17,23507636,rs57136,pathogenic,ovarian_cancer
chr13,64370274,rs57165,benign,diabetes_type2
chr7,84231511,rs57168,uncertain_significance,lynch_syndrome
chr12,81260963,rs57196,uncertain_significance,heart_disease
chr2,50565111,rs57224,uncertain_significance,heart_disease
chr2,146394601,rs57246,benign,retinoblastoma
chr12,64650155,rs57247,benign,sickle_cell_disease
chr11,56235863,rs57258,pathogenic,diabetes_type1
chr10,33444653,rs57273,likely_pathogenic,retinoblastoma
chr17,19501491,rs57285,benign,lynch_syndrome
chr10,47942278,rs57295,likely_benign,sickle_cell_disease
chr7,35457557,rs57322,benign,sickle_cell_disease
chr8,35141975,rs57348,likely_pathogenic,li_fraumeni_syndrome
chr13,113821634,rs57368,likely_pathogenic,cardiomyopathy
chr8,123732870,rs57393,likely_pathogenic,lung_cancer
chrX,48750453,rs57406,pathogenic,retinoblastoma
chr11,1612120,rs57409,likely_pathogenic,breast_cancer
chr3,96913837,rs57422,uncertain_significance,parkinsons
chr11,15366032,rs57439,likely_benign,retinoblastoma
chr11,24669001,rs57441,likely_pathogenic,breast_cancer
chr4,47865580,rs57442,likely_pathogenic,lung_cancer
chr7,135503917,rs57450,benign,diabetes_type2
chr11,81926192,rs57456,pathogenic,alzheimers
chr15,70770962,rs57467,pathogenic,cardiomyopathy
chr11,53477892,rs57495,likely_benign,cardiomyopathy
chr5,68709585,rs57503,likely_pathogenic,wilms_tumor
chr13,27135237,rs57519,uncertain_significance,marfan_syndrome
chr13,109480461,rs57539,uncertain_significance,alzheimers
chr3,34050665,rs57543,likely_benign,huntingtons
chr1,54244318,rs57551,pathogenic,ovarian_cancer
chr2,200195981,rs57572,benign,cystic_fibrosis
chr6,157736444,rs57576,pathogenic,diabetes_type1
chr5,153255736,rs57600,likely_pathogenic,heart_disease
chr16,46984861,rs57628,benign,ovarian_cancer
chr15,17848409,rs57642,likely_pathogenic,li_fraumeni_syndrome
chr3,119011993,rs57660,benign,alzheimers
chr14,99692227,rs57673,pathogenic,parkinsons
chr12,113665216,rs57699,likely_pathogenic,retinoblastoma
chr9,54594921,rs57704,likely_benign,cystic_fibrosis
chr20,10197175,rs57708,pathogenic,diabetes_type2
chr12,109821470,rs57722,likely_benign,lynch_syndrome
chr8,85495506,rs57741,benign,retinoblastoma
chr19,24014527,rs57769,uncertain_significance,alzheimers
chr15,93179801,rs57782,likely_benign,diabetes_type2
chr13,82106265,rs57788,benign,parkinsons
chr9,5088540,rs57811,pathogenic,huntingtons
chr7,93438640,rs57814,likely_benign,diabetes_type1
chr15,35432212,rs57835,likely_pathogenic,diabetes_type1
chr2,75337601,rs57851,likely_benign,prostate_cancer
chr11,57340291,rs57880,likely_pathogenic,diabetes_type1
chr14,28886747,rs57902,uncertain_significance,cystic_fibrosis
chr3,34583675,rs57918,likely_benign,breast_cancer
chr3,141235684,rs57929,benign,li_fraumeni_syndrome
chr8,69617029,rs57934,uncertain_significance,wilms_tumor
chrX,116925027,rs57950,benign,lynch_syndrome
chr13,82604447,rs57970,likely_pathogenic,wilms_tumor
chr2,140780594,rs57987,uncertain_significance,marfan_syndrome
chr1,160185371,rs58009,uncertain_significance,heart_disease
chr13,19878590,rs58024,uncertain_significance,lung_cancer
chr15,77832544,rs58039,pathogenic,wilms_tumor
chr10,30188545,rs58068,benign,cystic_fibrosis
chr9,88235106,rs58070,benign,diabetes_type2
chr1,93437275,rs58088,benign,ovarian_cancer
chr12,6942264,rs58110,benign,colorectal_cancer
chr20,40769842,rs58139,likely_benign,parkinsons
chr8,28549562,rs58165,likely_benign,diabetes_type1
chr5,144096646,rs58188,uncertain_significance,ovarian_cancer
chr4,7059904,rs58205,benign,ovarian_cancer
chr3,187669189,rs58221,likely_pathogenic,cardiomyopathy
chr10,55745878,rs58231,likely_benign,diabetes_type2
chr14,5121633,rs58253,likely_benign,breast_cancer
chr13,113613956,rs58271,likely_pathogenic,parkinsons
chr14,100935841,rs58275,likely_pathogenic,prostate_cancer
chr22,29873751,rs58303,pathogenic,li_fraumeni_syndrome
chr6,63146678,rs58321,likely_benign,parkinsons
chr13,38199722,rs58334,uncertain_significance,retinoblastoma
chr1,150180706,rs58351,pathogenic,diabetes_type1
chr8,19625256,rs58377,likely_pathogenic,breast_cancer
chr20,34434865,rs58383,uncertain_significance,huntingtons
chr18,57472431,rs58403,uncertain_significance,retinoblastoma
chr1,125135380,rs58415,pathogenic,heart_disease
chr5,51629425,rs58439,benign,diabetes_type1
chr3,177644471,rs58463,benign,parkinsons
chr21,36859293,rs58491,likely_pathogenic,lung_cancer
chr18,70438647,rs58510,likely_pathogenic,huntingtons
chr13,2426063,rs58536,uncertain_significance,colorectal_cancer
chr12,129261459,rs58550,pathogenic,colorectal_cancer
chr15,49347457,rs58575,uncertain_significance,diabetes_type2
chr1,77086899,rs58595,likely_pathogenic,lynch_syndrome
chr3,177995837,rs58596,pathogenic,lynch_syndrome
chr2,102739556,rs58618,benign,li_fraumeni_syndrome
chr17,56656407,rs58628,pathogenic,diabetes_type1
chr9,14671010,rs58635,uncertain_significance,huntingtons
chr10,15589703,rs58649,likely_benign,neurofibromatosis
chr5,14367205,rs58668,likely_benign,cardiomyopathy
chr12,132170166,rs58680,benign,diabetes_type2
chr16,7553926,rs58695,pathogenic,sickle_cell_disease
chrX,69289004,rs58708,benign,marfan_syndrome
chr13,39412279,rs58735,uncertain_significance,lung_cancer
chr15,64134753,rs58762,uncertain_significance,lynch_syndrome
chr15,77180451,rs58778,likely_benign,lung_cancer
chr8,133614249,rs58793,likely_benign,neurofibromatosis
chr22,33604201,rs58816,benign,wilms_tumor
chr12,52431975,rs58817,pathogenic,lung_cancer
chr13,88847253,rs58827,pathogenic,alzheimers
chrX,140726255,rs58855,benign,cystic_fibrosis
chr11,36850217,rs58865,likely_benign,li_fraumeni_syndrome
chr3,145205435,rs58880,benign,prostate_cancer
chr9,130694415,rs58898,likely_benign,breast_cancer
chr18,28076569,rs58923,benign,diabetes_type2
chr3,195379544,rs58928,likely_pathogenic,breast_cancer
chr2,153872613,rs58936,pathogenic,cardiomyopathy
chr5,157601909,rs58961,uncertain_significance,heart_disease
chr14,92210517,rs58979,benign,alzheimers
chr9,34179346,rs59000,pathogenic,ovarian_cancer
chr11,59115025,rs59010,uncertain_significance,prostate_cancer
chrX,88595832,rs59019,benign,cystic_fibrosis
chr1,30334031,rs59043,benign,ovarian_cancer
chr19,38587226,rs59070,benign,huntingtons
chrX,31578450,rs59090,pathogenic,breast_cancer
chr21,27726097,rs59111,likely_benign,li_fraumeni_syndrome
chr5,161538691,rs59123,likely_benign,colorectal_cancer
chrY,43096932,rs59134,likely_benign,huntingtons
chr14,102423440,rs59155,uncertain_significance,breast_cancer
chr1,115432714,rs59179,likely_benign,heart_disease
chr15,56832860,rs59201,likely_benign,lynch_syndrome
chr12,1615182,rs59207,pathogenic,huntingtons
chr5,115395705,rs59218,benign,colorectal_cancer
chrX,118648573,rs59231,uncertain_significance,huntingtons
chr16,79107633,rs59257,uncertain_significance,breast_cancer
chr13,9332440,rs59269,likely_benign,lynch_syndrome
chr1,168642114,rs59271,uncertain_significance,marfan_syndrome
chr5,54525265,rs59281,benign,wilms_tumor
chr18,5216814,rs59297,benign,heart_disease
chr15,28606052,rs59300,benign,lung_cancer
chrX,67330286,rs59314,benign,prostate_cancer
chr2,65896972,rs59320,uncertain_significance,retinoblastoma
chr3,180592176,rs59340,likely_pathogenic,parkinsons
chr2,187230855,rs59359,likely_benign,marfan_syndrome
chr7,82051607,rs59386,benign,marfan_syndrome
chr2,156653510,rs59407,benign,heart_disease
chr5,72307110,rs59424,uncertain_significance,colorectal_cancer
chr5,64773623,rs59432,likely_benign,diabetes_type2
chr9,38243566,rs59446,pathogenic,li_fraumeni_syndrome
chr2,226667454,rs59448,benign,diabetes_type1
chr11,85582690,rs59467,likely_benign,prostate_cancer
chr10,130383891,rs59477,pathogenic,alzheimers
chr11,19427720,rs59479,likely_benign,cystic_fibrosis
chr8,123079176,rs59508,likely_pathogenic,prostate_cancer
chr3,32121968,rs59534,likely_benign,alzheimers
chr7,143054350,rs59542,benign,cystic_fibrosis
chr6,79047700,rs59558,benign,cardiomyopathy
chr5,102716710,rs59582,uncertain_significance,cystic_fibrosis
chr18,41592254,rs59604,pathogenic,retinoblastoma
chr14,69870488,rs59630,pathogenic,heart_disease
chr5,134649913,rs59649,benign,neurofibromatosis
chr1,187519801,rs59656,uncertain_significance,lynch_syndrome
chr2,22992458,rs59676,uncertain_significance,alzheimers
chr1,61452058,rs59690,pathogenic,lung_cancer
chr7,93046654,rs59715,pathogenic,diabetes_type1
chr7,135263445,rs59738,likely_pathogenic,breast_cancer
chr6,49729315,rs59740,benign,neurofibromatosis
chr5,13027416,rs59759,pathogenic,cystic_fibrosis
chr4,125591895,rs59767,uncertain_significance,lung_cancer
chrX,71414945,rs59787,likely_pathogenic,prostate_cancer
chr18,77951717,rs59802,likely_pathogenic,lynch_syndrome
chr5,162353209,rs59821,likely_benign,sickle_cell_disease
chr5,140956931,rs59837,benign,cystic_fibrosis
chr21,38913132,rs59863,benign,ovarian_cancer
chr11,73938178,rs59891,benign,cystic_fibrosis
chr2,82555816,rs59896,uncertain_significance,marfan_syndrome
chr20,34608645,rs59924,uncertain_significance,sickle_cell_disease
chr4,15956334,rs59935,uncertain_significance,diabetes_type1
chr15,86536608,rs59953,likely_pathogenic,lynch_syndrome
chr2,157444673,rs59956,likely_pathogenic,ovarian_cancer
chrY,54875989,rs59960,likely_pathogenic,li_fraumeni_syndrome
chrY,25651112,rs59976,pathogenic,lynch_syndrome
chr5,112136808,rs59989,uncertain_significance,alzheimers
chr1,35757964,rs60005,uncertain_significance,lynch_syndrome
chr1,23043593,rs60031,benign,wilms_tumor
chr6,73297208,rs60043,pathogenic,huntingtons
chr3,33389159,rs60046,benign,huntingtons
chr2,230400422,rs60056,likely_benign,diabetes_type1
chr13,65782984,rs60060,uncertain_significance,alzheimers
chr1,206537359,rs60065,likely_pathogenic,retinoblastoma
chr4,68667914,rs60071,uncertain_significance,neurofibromatosis
chr1,113013540,rs60083,benign,lung_cancer
chr16,66059785,rs60108,uncertain_significance,parkinsons
chrX,134310975,rs60137,likely_pathogenic,cardiomyopathy
chr11,35839231,rs60162,likely_pathogenic,alzheimers
chr22,49978996,rs60175,likely_pathogenic,breast_cancer
chr3,181665498,rs60180,benign,colorectal_cancer
chr10,76398326,rs60197,pathogenic,diabetes_type2
chr16,64351364,rs60204,likely_pathogenic,prostate_cancer
chr9,31581058,rs60221,likely_benign,marfan_syndrome
chr6,62232363,rs60238,uncertain_significance,li_fraumeni_syndrome
chr14,84053072,rs60240,likely_benign,marfan_syndrome
chr7,5914064,rs60265,benign,colorectal_cancer
chr13,89004886,rs60277,uncertain_significance,li_fraumeni_syndrome
chr2,130635221,rs60295,likely_benign,cystic_fibrosis
chr3,59977559,rs60319,benign,marfan_syndrome
chr17,54182053,rs60341,likely_pathogenic,neurofibromatosis
chr18,22232466,rs60362,pathogenic,prostate_cancer
chr14,19374099,rs60376,likely_pathogenic,cystic_fibrosis
chr1,3661307,rs60389,uncertain_significance,alzheimers
chr8,71857449,rs60391,pathogenic,alzheimers
chr4,169156571,rs60404,likely_benign,heart_disease
chr2,102712177,rs60432,likely_benign,li_fraumeni_syndrome
chr1,105164869,rs60439,pathogenic,wilms_tumor
chr11,84008107,rs60465,likely_benign,breast_cancer
chr2,201888760,rs60484,benign,parkinsons
chr9,3751532,rs60485,benign,breast_cancer
chr16,80128219,rs60495,uncertain_significance,lynch_syndrome
chrX,38478807,rs60516,benign,ovarian_cancer
chr2,74429970,rs60536,likely_pathogenic,retinoblastoma
chr7,107919597,rs60551,uncertain_significance,colorectal_cancer
chr2,126790979,rs60554,benign,diabetes_type2
chr1,50829268,rs60579,pathogenic,lung_cancer
chr5,124805047,rs60599,uncertain_significance,retinoblastoma
chr4,149001713,rs60615,likely_benign,lung_cancer
chrX,123805575,rs60638,pathogenic,alzheimers
chrX,60974097,rs60660,likely_pathogenic,prostate_cancer
chr15,100619730,rs60687,uncertain_significance,diabetes_type1
chr9,131620388,rs60708,pathogenic,diabetes_type2
chr2,139638980,rs60716,pathogenic,prostate_cancer
chr10,32083982,rs60740,benign,retinoblastoma
chr11,95142232,rs60745,pathogenic,li_fraumeni_syndrome
chr20,57206048,rs60756,likely_pathogenic,colorectal_cancer
chr10,126999763,rs60784,uncertain_significance,breast_cancer
chr3,2570349,rs60797,likely_pathogenic,diabetes_type1
chr9,34436242,rs60798,uncertain_significance,neurofibromatosis
chr12,123566001,rs60814,likely_pathogenic,heart_disease
chr10,131057406,rs60843,benign,neurofibromatosis
chr2,53622715,rs60845,uncertain_significance,huntingtons
chr2,159331507,rs60854,benign,huntingtons
chr6,88286212,rs60857,uncertain_significance,cystic_fibrosis
chr3,1156246,rs60864,pathogenic,diabetes_type2
chr2,39738831,rs60887,pathogenic,diabetes_type1
chr5,47331946,rs60911,likely_benign,alzheimers
chr5,160650124,rs60916,benign,alzheimers
chr9,68826220,rs60923,likely_benign,diabetes_type1
chr13,26613747,rs60949,benign,diabetes_type1
chr13,6849222,rs60977,benign,retinoblastoma
chr3,125078060,rs60995,pathogenic,neurofibromatosis
chr7,129226691,rs61010,pathogenic,alzheimers
chr2,27607549,rs61013,benign,li_fraumeni_syndrome
chr11,11562818,rs61025,pathogenic,li_fraumeni_syndrome
chr4,44359379,rs61029,likely_benign,cardiomyopathy
chr3,61501717,rs61034,uncertain_significance,colorectal_cancer
chr16,23782568,rs61058,likely_pathogenic,cystic_fibrosis
chr7,124500429,rs61074,likely_benign,sickle_cell_disease
chr6,1435368,rs61078,pathogenic,cardiomyopathy
chrY,51936845,rs61095,likely_pathogenic,parkinsons
chr19,28707350,rs61115,pathogenic,colorectal_cancer
chr5,37908922,rs61130,likely_benign,wilms_tumor
chr18,27535145,rs61142,likely_benign,cystic_fibrosis
chr9,87888842,rs61167,benign,lynch_syndrome
chr10,8918563,rs61168,likely_pathogenic,parkinsons
chr14,76908661,rs61171,benign,wilms_tumor
chr9,116312607,rs61195,benign,sickle_cell_disease
chr5,17750432,rs61206,likely_pathogenic,neurofibromatosis
chr7,35580615,rs61226,uncertain_significance,parkinsons
chr3,187749467,rs61233,likely_benign,lung_cancer
chr21,14632788,rs61247,benign,li_fraumeni_syndrome
chr18,63794853,rs61272,likely_benign,neurofibromatosis
chr9,48302866,rs61289,pathogenic,ovarian_cancer
chr7,64910927,rs61295,benign,cystic_fibrosis
chr16,30513377,rs61305,pathogenic,colorectal_cancer
chr8,103922178,rs61321,benign,ovarian_cancer
chr12,104151221,rs61334,uncertain_significance,sickle_cell_disease
chr1,32123008,rs61341,pathogenic,diabetes_type2
chr6,37118940,rs61348,uncertain_significance,lynch_syndrome
chr2,207964041,rs61350,uncertain_significance,retinoblastoma
chr7,113818494,rs61379,likely_benign,wilms_tumor
chr12,126486374,rs61382,pathogenic,breast_cancer
chr18,24435423,rs61408,uncertain_significance,prostate_cancer
chr17,18573435,rs61414,benign,colorectal_cancer
chr12,58980967,rs61415,uncertain_significance,diabetes_type2
chr11,108079807,rs61416,pathogenic,cystic_fibrosis
chr11,53838794,rs61435,uncertain_significance,lung_cancer
chr8,40287647,rs61440,likely_pathogenic,prostate_cancer
chr9,15269937,rs61450,uncertain_significance,li_fraumeni_syndrome
chrX,18856154,rs61465,likely_benign,diabetes_type2
chr5,13608520,rs61494,pathogenic,lynch_syndrome
chr1,151106981,rs61499,uncertain_significance,sickle_cell_disease
chr7,93646135,rs61502,pathogenic,diabetes_type2
chr9,44068670,rs61513,pathogenic,parkinsons
chr6,37148257,rs61540,likely_benign,diabetes_type2
chr2,155136371,rs61561,uncertain_significance,wilms_tumor
chr9,2336799,rs61583,likely_pathogenic,lynch_syndrome
chr10,118275678,rs61601,likely_benign,lynch_syndrome
chr19,8346989,rs61627,benign,diabetes_type1
chr11,119607016,rs61649,pathogenic,lynch_syndrome
chr10,30046222,rs61678,likely_pathogenic,cardiomyopathy
chr4,103993560,rs61699,pathogenic,retinoblastoma
chr4,111238108,rs61712,likely_benign,ovarian_cancer
chr20,8234026,rs61740,likely_pathogenic,huntingtons
chr5,39681097,rs61744,likely_benign,alzheimers
chr9,132289177,rs61765,likely_pathogenic,diabetes_type2
chr10,105377094,rs61787,likely_benign,neurofibromatosis
chr18,71217814,rs61808,benign,lynch_syndrome
chr5,82325441,rs61813,benign,wilms_tumor
chrX,96284777,rs61830,likely_benign,parkinsons
chr3,171089818,rs61845,likely_pathogenic,alzheimers
chr15,2660892,rs61858,uncertain_significance,lynch_syndrome
chr15,14514419,rs61862,uncertain_significance,marfan_syndrome
chr13,86731457,rs61884,benign,prostate_cancer
chr7,130874851,rs61899,uncertain_significance,neurofibromatosis
chrY,46377962,rs61912,benign,diabetes_type1
chr22,260103,rs61930,uncertain_significance,ovarian_cancer
chrX,77831170,rs61947,likely_benign,prostate_cancer
chr10,119078517,rs61956,pathogenic,sickle_cell_disease
chr5,3446840,rs61960,likely_pathogenic,prostate_cancer
chr2,181077721,rs61963,benign,breast_cancer
chr2,208228659,rs61979,benign,sickle_cell_disease
chr3,150796469,rs62001,pathogenic,prostate_cancer
chr4,171515346,rs62005,pathogenic,neurofibromatosis
chr9,132298340,rs62023,likely_benign,diabetes_type1
chr2,202711642,rs62035,benign,retinoblastoma
chr17,31637605,rs62056,likely_benign,huntingtons
chr8,29235130,rs62058,uncertain_significance,lung_cancer
chr2,131852499,rs62073,uncertain_significance,lynch_syndrome
chr7,129917198,rs62100,pathogenic,ovarian_cancer
chr15,50571296,rs62123,uncertain_significance,ovarian_cancer
chr19,13127305,rs62133,likely_pathogenic,prostate_cancer
chr19,24935998,rs62150,pathogenic,neurofibromatosis
chr14,30719119,rs62175,likely_benign,marfan_syndrome
chr6,7530578,rs62181,pathogenic,cystic_fibrosis
chr20,58196043,rs62199,uncertain_significance,neurofibromatosis
chr11,72639917,rs62213,uncertain_significance,wilms_tumor
chr17,61399501,rs62223,benign,breast_cancer
chrX,92181000,rs62227,likely_benign,ovarian_cancer
chr2,171533215,rs62239,uncertain_significance,breast_cancer
chr5,161727006,rs62252,likely_pathogenic,colorectal_cancer
chr3,45791485,rs62270,likely_pathogenic,colorectal_cancer
chr11,92188339,rs62279,uncertain_significance,colorectal_cancer
chr17,976265,rs62292,pathogenic,cardiomyopathy
chr12,37482527,rs62294,likely_benign,neurofibromatosis
chr5,36020282,rs62306,likely_benign,parkinsons
chr6,12229794,rs62316,benign,diabetes_type2
chr10,79990595,rs62321,pathogenic,diabetes_type2
chr16,7150266,rs62334,uncertain_significance,li_fraumeni_syndrome
chr14,21555047,rs62351,benign,prostate_cancer
chr2,71603758,rs62353,uncertain_significance,neurofibromatosis
chr6,32281468,rs62365,uncertain_significance,marfan_syndrome
chrX,128302568,rs62373,likely_benign,parkinsons
chr15,81072456,rs62398,pathogenic,heart_disease
chr12,124737563,rs62417,benign,alzheimers
chr15,88121121,rs62436,uncertain_significance,breast_cancer
chr4,2757399,rs62455,benign,cystic_fibrosis
chr6,11511914,rs62462,pathogenic,li_fraumeni_syndrome
chr7,35650070,rs62490,uncertain_significance,breast_cancer
chr9,58601490,rs62505,pathogenic,lynch_syndrome
chr13,31738785,rs62523,benign,li_fraumeni_syndrome
chr10,45122929,rs62549,uncertain_significance,diabetes_type2
chr1,135877266,rs62555,likely_benign,alzheimers
chr2,129814974,rs62582,likely_pathogenic,huntingtons
chr5,63410950,rs62611,benign,colorectal_cancer
chr12,101652019,rs62637,benign,heart_disease
chr2,91075285,rs62660,pathogenic,cardiomyopathy
chr3,134570882,rs62669,uncertain_significance,retinoblastoma
chrX,987939,rs62694,benign,alzheimers
chrY,43625286,rs62700,likely_pathogenic,li_fraumeni_syndrome
chr14,101338322,rs62723,likely_pathogenic,cystic_fibrosis
chr12,114694795,rs62730,likely_benign,ovarian_cancer
chrX,20909660,rs62755,uncertain_significance,sickle_cell_disease
chr9,105956645,rs62784,benign,colorectal_cancer
chr9,105575598,rs62797,likely_pathogenic,marfan_syndrome
chr7,84402475,rs62826,uncertain_significance,retinoblastoma
chr5,30459095,rs62842,likely_benign,retinoblastoma
chr7,148890819,rs62844,likely_benign,lynch_syndrome
chr1,34725366,rs62870,uncertain_significance,diabetes_type2
chr15,94532417,rs62896,uncertain_significance,diabetes_type2
chr9,78038556,rs62917,likely_benign,heart_disease
chr5,120730499,rs62930,uncertain_significance,lung_cancer
chr3,131893463,rs62942,likely_pathogenic,parkinsons
chr3,21230939,rs62947,benign,breast_cancer
chr4,105905326,rs62964,uncertain_significance,parkinsons
chr2,60191874,rs62969,benign,colorectal_cancer
chr1,158306405,rs62977,likely_pathogenic,wilms_tumor
chr9,94759773,rs62998,benign,diabetes_type2
chr12,2500121,rs63018,likely_benign,diabetes_type2
chr5,28923203,rs63020,benign,ovarian_cancer
chr19,16068492,rs63021,pathogenic,retinoblastoma
chr12,53833310,rs63037,benign,diabetes_type1
chr4,22858115,rs63042,uncertain_significance,ovarian_cancer
chr8,14927606,rs63070,pathogenic,neurofibromatosis
chr12,10803216,rs63071,likely_pathogenic,sickle_cell_disease
chr18,53273127,rs63089,pathogenic,lynch_syndrome
chr19,16761481,rs63114,likely_benign,neurofibromatosis
chr11,119692256,rs63122,likely_benign,li_fraumeni_syndrome
chr12,72724694,rs63140,likely_benign,neurofibromatosis
chr2,232339207,rs63156,benign,lynch_syndrome
chr8,55181266,rs63160,likely_benign,huntingtons
chr10,70565665,rs63189,pathogenic,parkinsons
chrX,153282958,rs63214,benign,retinoblastoma
chr16,13539917,rs63243,benign,huntingtons
chr1,232734184,rs63261,benign,li_fraumeni_syndrome
chr22,9007430,rs63279,likely_benign,lung_cancer
chr5,175366986,rs63282,likely_benign,parkinsons
chr5,99526397,rs63292,pathogenic,lynch_syndrome
chr19,39135248,rs63309,pathogenic,colorectal_cancer
chr7,120336050,rs63317,benign,li_fraumeni_syndrome
chr3,87035864,rs63328,likely_benign,lung_cancer
chr1,167645621,rs63355,likely_pathogenic,wilms_tumor
chr15,17260087,rs63384,uncertain_significance,sickle_cell_disease
chr14,90319311,rs63385,uncertain_significance,huntingtons
chr13,37706542,rs63398,benign,alzheimers
chr4,82493326,rs63424,likely_pathogenic,lynch_syndrome
chr2,89233087,rs63432,likely_benign,wilms_tumor
chr10,84793234,rs63454,likely_benign,colorectal_cancer
chrY,42464438,rs63459,benign,colorectal_cancer
chr6,105922315,rs63469,likely_benign,prostate_cancer
chr14,91937171,rs63486,benign,parkinsons
chr6,27101647,rs63498,benign,cystic_fibrosis
chr1,171077903,rs63527,benign,neurofibromatosis
chr2,158761019,rs63547,benign,lung_cancer
chr2,4007325,rs63573,likely_benign,neurofibromatosis
chr1,122947274,rs63584,uncertain_significance,parkinsons
chr10,38514124,rs63587,pathogenic,huntingtons
chr9,66027289,rs63590,likely_benign,marfan_syndrome
chr2,101270614,rs63611,pathogenic,cystic_fibrosis
chr1,182207639,rs63632,uncertain_significance,huntingtons
chr8,73956985,rs63645,benign,neurofibromatosis
chr1,3612915,rs63664,pathogenic,parkinsons
chr3,45352454,rs63681,pathogenic,cystic_fibrosis
chr3,43767021,rs63703,likely_pathogenic,li_fraumeni_syndrome
chr9,62345870,rs63705,likely_pathogenic,huntingtons
chr6,117347672,rs63717,likely_pathogenic,ovarian_cancer
chr2,49440614,rs63723,uncertain_significance,marfan_syndrome
chr13,69766168,rs63725,uncertain_significance,cystic_fibrosis
chr3,43045532,rs63726,likely_benign,lung_cancer
chr9,54416106,rs63734,likely_benign,alzheimers
chr4,106139346,rs63737,benign,heart_disease
chr8,21535029,rs63751,likely_pathogenic,prostate_cancer
chr15,94147889,rs63759,pathogenic,diabetes_type1
chr10,65758490,rs63761,likely_benign,diabetes_type1
chr13,12377180,rs63786,benign,huntingtons
chr3,79040998,rs63793,pathogenic,cystic_fibrosis
chr6,68994055,rs63797,uncertain_significance,colorectal_cancer
chr9,37677423,rs63803,uncertain_significance,retinoblastoma
chr12,110485387,rs63813,uncertain_significance,diabetes_type1
chr12,120314311,rs63821,likely_pathogenic,retinoblastoma
chr14,29750576,rs63835,likely_benign,lynch_syndrome
chr3,45318937,rs63854,pathogenic,retinoblastoma
chr20,25403727,rs63874,likely_pathogenic,alzheimers
chr7,102182895,rs63890,likely_pathogenic,alzheimers
chr8,84546582,rs63904,pathogenic,neurofibromatosis
chr18,3764994,rs63907,uncertain_significance,parkinsons
chr5,105281516,rs63919,uncertain_significance,lung_cancer
chr22,13426434,rs63948,benign,lung_cancer
chrX,107725512,rs63977,likely_benign,breast_cancer
chr18,31966444,rs63982,uncertain_significance,breast_cancer
chr14,85948705,rs63990,pathogenic,li_fraumeni_syndrome
chr7,124943929,rs63998,benign,colorectal_cancer
chrX,130440655,rs64008,uncertain_significance,neurofibromatosis
chr20,27644668,rs64029,likely_benign,lung_cancer
chr5,141405835,rs64052,benign,parkinsons
chr12,31638830,rs64068,benign,ovarian_cancer
chr6,111439712,rs64074,uncertain_significance,li_fraumeni_syndrome
chr20,62179636,rs64089,likely_pathogenic,cardiomyopathy
chr5,29908081,rs64111,benign,ovarian_cancer
chr1,238812920,rs64140,benign,breast_cancer
chr1,220322031,rs64159,benign,cardiomyopathy
chrX,144738499,rs64173,benign,li_fraumeni_syndrome
chr1,127480843,rs64184,likely_pathogenic,huntingtons
chr14,51481960,rs64206,pathogenic,prostate_cancer
chr21,36799244,rs64207,pathogenic,wilms_tumor
chr12,51612907,rs64231,benign,lynch_syndrome
chr19,33850845,rs64254,likely_benign,diabetes_type1
chr9,102257659,rs64265,likely_benign,lynch_syndrome
chr7,75260361,rs64288,uncertain_significance,sickle_cell_disease
chr13,10304804,rs64297,benign,li_fraumeni_syndrome
chr9,18999711,rs64322,likely_pathogenic,marfan_syndrome
chr3,15974863,rs64351,uncertain_significance,cystic_fibrosis
chr11,22295575,rs64352,likely_benign,huntingtons
chr3,169297229,rs64360,likely_benign,ovarian_cancer
chrX,63721835,rs64383,likely_benign,parkinsons
chr1,73267247,rs64405,likely_benign,colorectal_cancer
chrY,2074279,rs64412,uncertain_significance,heart_disease
chr7,690779,rs64417,likely_benign,alzheimers
chr7,156954267,rs64418,benign,alzheimers
chr7,31959675,rs64434,benign,lynch_syndrome
chr1,58408467,rs64463,likely_pathogenic,diabetes_type2
chr7,13701737,rs64487,pathogenic,cystic_fibrosis
chr3,8671735,rs64491,pathogenic,diabetes_type1
chr7,45322636,rs64508,likely_benign,marfan_syndrome
chr9,53436652,rs64533,pathogenic,lung_cancer
chr4,173538553,rs64544,uncertain_significance,heart_disease
chr16,11592790,rs64549,likely_pathogenic,cystic_fibrosis
chr1,237797958,rs64560,likely_benign,cardiomyopathy
chrX,126845904,rs64587,likely_pathogenic,heart_disease
chr14,5311155,rs64609,benign,neurofibromatosis
chrY,55838582,rs64623,benign,cystic_fibrosis
chr18,3998586,rs64631,pathogenic,huntingtons
chr11,131917443,rs64648,pathogenic,lung_cancer
chrY,15487104,rs64675,uncertain_significance,alzheimers
chr8,63672832,rs64687,uncertain_significance,li_fraumeni_syndrome
chr15,7301079,rs64705,benign,diabetes_type2
chrX,113636030,rs64715,uncertain_significance,ovarian_cancer
chr11,121022390,rs64730,pathogenic,retinoblastoma
chr12,68888757,rs64742,benign,marfan_syndrome
chr3,79478000,rs64761,benign,parkinsons
chr7,116806321,rs64779,likely_benign,alzheimers
chr13,83577655,rs64796,benign,ovarian_cancer
chr20,21819703,rs64797,pathogenic,alzheimers
chr16,58734686,rs64822,pathogenic,parkinsons
chr1,143450147,rs64829,likely_benign,sickle_cell_disease
chr18,72665317,rs64833,likely_pathogenic,breast_cancer
chr18,76588487,rs64840,benign,sickle_cell_disease
chr15,94135655,rs64851,benign,lung_cancer
chr4,104359755,rs64866,likely_benign,lynch_syndrome
chr13,6445861,rs64895,likely_benign,retinoblastoma
chr1,201711496,rs64912,uncertain_significance,cardiomyopathy
chr21,18545624,rs64925,pathogenic,diabetes_type1
chr22,36900819,rs64931,benign,parkinsons
chr8,4294330,rs64937,uncertain_significance,ovarian_cancer
chr5,81697566,rs64943,uncertain_significance,breast_cancer
chr10,11954803,rs64950,pathogenic,parkinsons
chr5,93762893,rs64956,benign,wilms_tumor
chr4,111222761,rs64961,likely_pathogenic,li_fraumeni_syndrome
chr1,21185117,rs64975,uncertain_significance,li_fraumeni_syndrome
chr5,121823746,rs64979,likely_benign,prostate_cancer
chr6,40858100,rs65002,benign,ovarian_cancer
chr5,25188820,rs65023,pathogenic,prostate_cancer
chr12,25855022,rs65024,uncertain_significance,wilms_tumor
chr6,27579736,rs65040,uncertain_significance,breast_cancer
chr21,36484732,rs65043,likely_benign,huntingtons
chr5,135374989,rs65053,likely_pathogenic,sickle_cell_disease
chr16,70690176,rs65054,likely_pathogenic,marfan_syndrome
chr11,65823715,rs65068,uncertain_significance,cystic_fibrosis
chr4,115575723,rs65084,benign,wilms_tumor
chr3,86478521,rs65101,benign,alzheimers
chr2,158308806,rs65126,uncertain_significance,parkinsons
chr3,104147099,rs65130,likely_benign,ovarian_cancer
chr1,168995206,rs65156,likely_benign,marfan_syndrome
chr9,105229158,rs65174,likely_benign,colorectal_cancer
chr9,25171260,rs65203,pathogenic,cystic_fibrosis
chr1,142407948,rs65217,likely_benign,diabetes_type1
chr7,57542196,rs65227,uncertain_significance,cardiomyopathy
chr12,109516440,rs65228,uncertain_significance,cardiomyopathy
chr7,27299046,rs65237,likely_benign,diabetes_type2
chr20,8776511,rs65252,benign,wilms_tumor
chr14,8828326,rs65263,uncertain_significance,neurofibromatosis
