CHROM,POS,ID,REF,ALT,QUAL,FILTER,DP,AF,GQ,GENE,CONSEQUENCE
chr2,41787256,.,G,C,16.71,PASS,48,0.178454,45,.,intergenic_variant
chr19,19016882,rs100000,T,G,18.91,LowDP,23,0.159541,28,.,intergenic_variant
chr5,96434933,.,G,T,87.92,PASS,36,0.05203,39,.,intergenic_variant
chr3,66441339,rs100028,G,T,87.8,LowDP,19,0.019227,26,.,intergenic_variant
chr4,46152022,.,T,A,87.92,PASS,14,0.084729,26,.,intergenic_variant
chr7,29125803,rs100059,G,C,15.44,PASS,21,0.021287,25,.,intergenic_variant
chr4,10347579,rs100091,C,A,86.15,PASS,23,0.063222,36,.,intergenic_variant
chr5,14228945,rs100111,A,C,93.69,LowGQ,9,0.139941,21,.,intergenic_variant
chr2,10104588,.,A,G,85.23,PASS,41,0.035157,38,.,intergenic_variant
chr5,123803908,.,T,A,75.22,PASS,5,0.107168,25,.,intergenic_variant
chr10,70532469,rs100151,G,A,15.0,PASS,100,0.002067,79,.,intergenic_variant
chr7,145115231,.,G,A,78.88,PASS,60,0.137071,57,.,intergenic_variant
chr6,169616509,rs100186,T,C,65.21,LowDP,21,0.045898,35,.,intergenic_variant
chr15,759849,rs100217,A,T,100.0,PASS,25,0.096576,24,.,intergenic_variant
chr20,7100283,rs100248,C,G,93.63,PASS,29,0.052094,36,.,intergenic_variant
chr15,26575102,rs100286,G,C,76.7,LowGQ,17,0.006618,28,.,intergenic_variant
chr5,164761607,rs100308,T,C,82.18,LowQual,28,0.002944,26,.,intergenic_variant
chr14,31952343,rs100353,C,A,24.57,LowDP,23,0.190003,28,.,intergenic_variant
chr2,125951487,.,T,G,78.63,PASS,23,0.057437,27,.,intergenic_variant
chr2,119733829,.,T,C,100.0,PASS,27,0.074949,27,.,intergenic_variant
chr6,1539153,rs100394,T,C,70.8,PASS,11,0.02097,37,.,intergenic_variant
chr16,17601054,rs100403,A,T,86.14,LowQual,25,0.000245,24,.,intergenic_variant
chr4,117796953,rs100412,A,T,27.13,PASS,27,0.05109,40,.,intergenic_variant
chr1,135059347,rs100427,T,G,83.91,PASS,27,0.180433,28,.,intergenic_variant
chr2,76459216,rs100440,G,A,93.27,PASS,22,0.007196,19,.,intergenic_variant
chr18,33272021,rs100462,C,T,83.96,PASS,49,0.188628,50,.,intergenic_variant
chr12,22768450,.,G,A,67.42,LowDP,20,0.002573,31,.,intergenic_variant
chr4,100000010,.,A,G,82.49,PASS,28,0.240298,40,.,intergenic_variant
chr10,116898704,rs100478,C,A,2.94,PASS,53,0.057626,65,.,intergenic_variant
chr9,128136399,rs100510,T,G,75.28,LowGQ,23,0.009249,52,.,intergenic_variant
chr12,63904077,rs100512,G,A,85.8,PASS,28,8e-06,34,.,intergenic_variant
chr4,84921421,.,G,T,99.34,PASS,23,0.016183,23,.,intergenic_variant
chr19,11750688,rs100538,T,A,67.61,LowGQ,52,0.051932,55,.,intergenic_variant
chr5,41920559,rs100552,G,C,77.0,LowGQ,21,0.001183,25,.,intergenic_variant
chr13,33657454,.,A,C,15.08,PASS,53,0.378424,60,.,intergenic_variant
chr1,158076104,rs100590,T,C,79.47,PASS,23,0.030273,18,.,intergenic_variant
chr6,119452075,rs100624,G,T,81.18,PASS,15,0.065281,41,.,intergenic_variant
chr6,75719544,rs100632,T,C,92.4,LowQual,37,0.113516,46,.,intergenic_variant
chr10,54138276,rs100668,C,T,9.49,LowQual,20,0.006203,13,.,intergenic_variant
chr1,66044058,rs100689,T,G,83.26,PASS,36,0.026553,33,.,intergenic_variant
chr16,44401925,rs100735,G,C,12.51,PASS,5,0.030284,21,.,intergenic_variant
chr3,47516749,rs100778,A,G,89.16,PASS,25,0.027318,39,.,intergenic_variant
chr13,72581889,rs100806,T,A,18.22,PASS,19,0.088518,15,.,intergenic_variant
chr16,216195,.,T,A,78.74,PASS,13,0.007219,26,.,intergenic_variant
chr10,69562947,rs100852,G,C,87.3,LowQual,18,0.054583,9,GENE223,intergenic_variant
chr14,73583332,rs100896,A,G,92.78,PASS,17,0.063856,23,.,intergenic_variant
chr12,90851491,.,A,G,77.68,PASS,24,0.090823,38,GENE71,intron_variant
chr6,133820253,.,C,G,92.81,PASS,11,0.117839,14,.,intergenic_variant
chr17,77693287,.,C,T,85.52,PASS,30,0.00281,22,.,intergenic_variant
chr5,95716178,rs100944,G,C,95.45,PASS,56,0.13691,56,.,intergenic_variant
chr10,122297675,rs100950,A,G,82.99,PASS,29,0.01895,28,.,intergenic_variant
chr15,56463787,.,A,G,20.36,PASS,40,0.002699,47,.,intergenic_variant
chr6,135251752,.,C,G,88.81,PASS,47,0.08202,41,.,intergenic_variant
chr5,108840385,rs100970,C,T,14.1,PASS,52,0.084506,45,.,intergenic_variant
chr8,30156189,.,G,A,84.59,LowQual,75,0.519625,54,.,intergenic_variant
chr17,42336586,rs101001,A,C,84.04,PASS,18,0.182403,26,.,intergenic_variant
chr22,17077980,.,T,A,87.59,PASS,16,0.024071,22,.,intergenic_variant
chr10,26221433,.,C,A,90.37,LowQual,39,0.139774,32,.,intergenic_variant
chr12,70958047,.,G,A,0.0,PASS,38,0.137331,42,.,intergenic_variant
chr21,28611731,.,A,T,72.5,LowGQ,39,0.018498,49,.,intergenic_variant
chr2,32084227,.,A,C,7.28,PASS,76,0.014166,69,.,intergenic_variant
chr4,130930980,rs101034,C,T,22.17,LowQual,25,0.004369,32,.,intergenic_variant
chr13,85450539,rs101078,G,T,99.34,LowGQ,32,0.039323,38,.,intergenic_variant
chr17,7919585,rs101085,T,A,0.0,LowDP,14,0.101843,12,.,intergenic_variant
chr18,35132019,rs101093,C,A,66.4,PASS,88,0.053838,97,.,intergenic_variant
chr7,138691949,.,G,A,24.5,PASS,20,0.090405,22,.,intergenic_variant
chr2,8736858,rs101102,A,G,78.15,PASS,20,0.140105,31,.,intergenic_variant
chr7,96903888,rs101104,T,G,84.06,PASS,20,0.202279,32,.,intergenic_variant
chr4,135204004,rs101121,G,A,19.17,LowQual,17,0.158727,22,.,intergenic_variant
chr5,62919137,.,T,C,89.12,PASS,16,0.024412,28,.,intergenic_variant
chr15,26780165,rs101166,G,T,100.0,PASS,18,0.023999,26,.,intergenic_variant
chr1,3394021,rs101203,G,C,66.42,PASS,11,0.011883,7,.,intergenic_variant
chr17,9860686,rs101245,G,C,79.92,PASS,15,0.002585,19,.,intergenic_variant
chr7,84696667,.,G,A,63.73,LowDP,79,0.000197,68,.,intergenic_variant
chr11,31471720,rs101289,T,G,25.53,LowQual,38,0.079833,37,.,intergenic_variant
chr2,211144132,.,C,G,85.32,PASS,43,0.307359,34,.,intergenic_variant
chr5,133388276,rs101306,T,G,87.72,PASS,50,0.093125,59,.,intergenic_variant
chr2,119040339,rs101344,G,A,100.0,PASS,74,0.01915,82,.,intergenic_variant
chrX,28026422,.,T,G,86.21,PASS,8,0.00849,24,.,intergenic_variant
chr16,51680132,rs101379,T,C,95.44,LowGQ,12,0.027897,30,.,intergenic_variant
chr8,68090463,rs101426,T,C,90.84,LowDP,15,0.257676,19,.,intergenic_variant
chr4,121483487,rs101465,G,T,13.41,PASS,19,0.312713,20,.,intergenic_variant
chrX,126635017,rs101495,T,C,80.65,PASS,20,0.089408,20,.,intergenic_variant
chr6,143565877,rs101501,A,G,70.91,PASS,19,0.060329,30,.,intergenic_variant
chr3,60941389,rs101505,G,C,0.0,PASS,28,0.02407,34,.,intergenic_variant
chr10,98793166,rs101542,T,A,87.75,PASS,25,0.133427,29,.,intergenic_variant
chrX,126570286,rs101577,A,C,70.08,PASS,16,0.011366,33,.,intergenic_variant
chr1,41974582,.,T,C,97.95,PASS,7,0.089881,19,.,intergenic_variant
chr4,83173194,.,C,T,18.44,PASS,14,0.087383,14,.,intergenic_variant
chrX,42418800,rs101586,T,A,83.38,PASS,18,0.13692,19,.,intergenic_variant
chr3,71432357,rs101592,T,G,96.95,LowGQ,21,0.018138,32,.,intergenic_variant
chr2,84094231,rs101605,C,G,80.2,LowQual,12,0.026777,28,.,intergenic_variant
chr10,19350555,rs101627,G,C,87.69,PASS,18,0.223123,29,.,intergenic_variant
chr19,33322054,rs101655,C,T,87.09,PASS,12,0.035299,35,.,intergenic_variant
chr8,73619394,rs101685,G,A,84.55,PASS,23,0.069528,41,.,intergenic_variant
chrY,17257837,rs101721,C,T,80.67,PASS,13,0.178777,24,.,intergenic_variant
chr13,63459005,rs101723,T,G,88.92,PASS,15,0.203431,15,.,intergenic_variant
chr1,206262093,rs101759,T,C,75.74,LowDP,11,0.000187,8,.,intergenic_variant
chrY,33542067,.,G,A,72.91,PASS,22,0.002884,25,.,intergenic_variant
chr7,139080828,rs101767,G,T,25.2,PASS,15,0.048004,28,.,intergenic_variant
chr5,22973736,.,A,C,22.4,PASS,42,0.068679,58,.,intergenic_variant
chr10,68231072,.,A,G,97.43,LowGQ,31,0.144426,38,.,intergenic_variant
chr5,19468144,rs101812,T,A,92.27,LowGQ,24,0.016053,39,.,intergenic_variant
chr2,120476637,rs101854,T,C,9.7,PASS,15,1.7e-05,20,.,intergenic_variant
chr1,229075394,rs101863,A,C,85.66,PASS,31,0.043038,40,.,intergenic_variant
chr7,63224360,rs101864,A,T,100.0,PASS,37,8.7e-05,46,.,intergenic_variant
chr18,10204208,rs101877,G,C,82.32,PASS,27,0.022927,16,.,intergenic_variant
chr10,65731255,.,C,T,98.23,PASS,64,0.22857,58,.,intergenic_variant
chrY,11586123,rs101892,G,C,15.69,PASS,32,0.092268,43,.,intergenic_variant
chr5,86051537,rs101924,A,C,10.74,PASS,42,0.070807,46,.,intergenic_variant
chr4,108180915,.,T,A,86.76,PASS,27,0.24753,22,.,intergenic_variant
chr3,182048875,.,A,G,74.75,PASS,37,0.017635,20,.,intergenic_variant
chr3,117924616,rs101958,T,C,100.0,LowDP,15,0.063486,19,.,intergenic_variant
chr5,69261124,.,T,C,94.91,PASS,19,0.070242,25,.,intergenic_variant
chr16,3390920,rs102001,T,A,83.79,PASS,30,0.26452,27,.,intergenic_variant
chr21,43648137,rs102032,T,C,92.27,PASS,30,0.142993,35,.,intergenic_variant
chrX,124853122,rs102046,C,G,80.96,PASS,33,0.001336,40,.,intergenic_variant
chr4,107694416,rs102093,A,T,8.45,PASS,47,0.002986,53,.,intergenic_variant
chr20,38009670,.,G,C,93.29,PASS,10,0.028058,0,.,intergenic_variant
chr5,5871349,rs102107,T,G,61.09,PASS,14,0.055658,11,.,intergenic_variant
chr2,170151381,rs102155,T,G,74.8,PASS,28,2e-06,30,.,intergenic_variant
chr19,3519066,rs102184,G,T,94.79,PASS,16,0.119145,27,.,intergenic_variant
chr12,90846779,rs102231,G,A,82.5,PASS,100,0.01304,94,GENE71,intergenic_variant
chr3,169556371,rs102250,T,G,87.08,LowGQ,33,0.004162,40,.,intergenic_variant
chr7,74449992,rs102277,G,C,71.53,PASS,23,0.008779,25,.,intergenic_variant
chr5,69572366,.,G,A,22.64,PASS,18,0.059489,22,.,intergenic_variant
chr14,26910744,rs102286,C,A,5.42,PASS,18,0.104975,19,.,intergenic_variant
chr8,36373560,rs102323,G,A,100.0,LowDP,25,0.023893,36,.,intergenic_variant
chrY,6779866,rs102360,A,C,96.91,PASS,26,0.119563,23,.,intergenic_variant
chr1,239907039,rs102403,A,C,82.99,LowQual,19,0.435336,32,.,intergenic_variant
chr6,111201056,rs102431,A,C,80.95,LowDP,21,0.078759,28,.,intergenic_variant
chr8,10254770,.,T,A,95.3,PASS,55,0.018033,54,.,intergenic_variant
chr9,31163842,.,A,T,7.85,PASS,56,0.036245,50,.,intergenic_variant
chr5,58983613,rs102455,C,G,100.0,PASS,29,0.110399,22,.,intergenic_variant
chr14,91870786,rs102483,A,G,94.54,LowDP,11,0.171405,14,.,intergenic_variant
chr19,26293185,.,T,G,100.0,PASS,34,0.018667,35,.,intergenic_variant
chrX,15565220,rs102519,C,T,6.17,PASS,62,0.235312,41,.,intergenic_variant
chr16,8731897,rs102537,A,C,75.78,PASS,56,0.153032,53,.,intergenic_variant
chr18,35556940,rs102562,C,A,76.81,PASS,38,0.116801,48,.,intergenic_variant
chr10,2652809,.,C,T,73.11,PASS,58,0.021836,61,.,intergenic_variant
chr17,12260516,rs102597,T,A,89.42,PASS,25,0.062083,26,.,intergenic_variant
chr5,13692649,.,T,C,86.76,PASS,36,0.020177,39,.,intergenic_variant
chr6,61498623,.,C,G,83.48,PASS,16,0.000152,18,.,intergenic_variant
chr5,83312422,rs102601,A,C,3.08,PASS,29,0.3518,34,.,intergenic_variant
chr8,10877098,.,T,A,93.09,LowDP,54,0.045513,66,.,intergenic_variant
chr5,51689942,.,C,A,16.17,PASS,17,0.01872,31,.,intergenic_variant
chrX,102574425,rs102615,G,C,97.32,LowDP,15,0.003948,26,.,intergenic_variant
chr5,28850621,rs102654,G,A,24.29,PASS,26,0.00606,27,.,intergenic_variant
chr2,172528658,rs102680,T,G,69.74,PASS,21,0.013644,33,.,intergenic_variant
chr9,72242246,rs102688,A,C,79.03,LowQual,36,0.022653,25,.,intergenic_variant
chr1,38402676,rs102712,G,T,93.2,PASS,19,0.024526,23,.,intergenic_variant
chr2,62423632,rs102728,G,A,80.32,LowGQ,69,0.051074,70,.,intergenic_variant
chr3,79240880,rs102748,G,A,77.02,LowDP,11,0.028732,25,.,intergenic_variant
chr8,108308936,.,A,G,95.19,PASS,52,0.032736,57,.,intergenic_variant
chr7,63014157,rs102763,A,T,72.1,PASS,16,0.005182,25,.,intergenic_variant
chr16,71026295,rs102770,T,G,81.98,PASS,8,0.129077,15,.,intergenic_variant
chr14,98532349,rs102787,T,G,88.29,PASS,28,0.041145,37,.,intergenic_variant
chr7,147846713,rs102809,G,C,79.26,PASS,21,0.005767,19,.,intergenic_variant
chr5,119546290,rs102831,A,T,92.83,PASS,13,0.381248,14,.,intergenic_variant
chr5,139761952,rs102843,C,G,79.31,PASS,9,0.036559,18,.,intergenic_variant
chr15,28694422,rs102861,G,A,99.09,PASS,24,0.204928,31,.,intergenic_variant
chr1,12992055,.,T,A,13.52,LowDP,44,0.000995,31,.,intergenic_variant
chr1,119831027,.,A,T,2.95,LowQual,35,0.05521,42,.,intergenic_variant
chr16,39497145,rs102907,T,A,83.74,PASS,25,0.040211,36,.,intergenic_variant
chr8,98920205,.,T,A,91.71,LowDP,33,0.071659,36,.,intergenic_variant
chr2,135389487,.,A,T,92.46,PASS,24,0.375795,48,.,intergenic_variant
chr4,112742487,rs102954,G,A,78.72,PASS,10,0.163237,13,.,intergenic_variant
chrX,16702270,.,A,T,64.47,PASS,10,0.00438,15,.,intergenic_variant
chr18,5276086,.,G,T,88.61,PASS,22,0.124868,24,.,intergenic_variant
chr13,91335197,rs102969,T,A,85.72,PASS,22,0.043168,27,.,intergenic_variant
chr8,51274288,rs103006,A,C,90.56,LowDP,41,0.033808,40,.,intergenic_variant
chr9,93266682,rs103022,C,A,82.73,LowGQ,39,0.034378,30,.,intergenic_variant
chrX,110562807,rs103027,G,A,21.72,PASS,35,0.0045,34,.,intergenic_variant
chrX,122612179,.,C,A,80.7,LowQual,21,0.126792,26,.,intergenic_variant
chr3,23876709,rs103029,G,C,100.0,PASS,11,0.071321,29,.,intergenic_variant
chr17,78247053,.,A,C,28.49,PASS,31,0.223626,52,.,intergenic_variant
chr3,77316674,.,C,G,70.28,LowQual,34,0.144589,48,.,intergenic_variant
chr3,32092870,.,A,T,92.34,PASS,6,0.003623,9,.,intergenic_variant
chr13,30261476,.,G,A,79.25,PASS,15,0.122837,16,.,intergenic_variant
chr7,18057497,rs103057,G,A,81.64,PASS,16,0.052802,22,.,intergenic_variant
chrX,57789100,rs103098,G,A,81.83,PASS,26,0.277816,45,.,intergenic_variant
chr2,55878460,.,G,T,76.97,PASS,15,0.158417,21,.,intergenic_variant
chr9,31138856,rs103125,T,C,90.71,PASS,24,0.153534,19,.,intergenic_variant
chr22,20793006,rs103156,G,C,9.83,PASS,22,0.003371,24,.,intergenic_variant
chr21,38540951,.,C,A,98.91,PASS,22,0.05107,34,.,intergenic_variant
chr2,126420179,.,G,A,11.17,PASS,16,0.000612,28,.,intergenic_variant
chr6,1279373,rs103197,A,C,89.7,PASS,17,0.016481,22,.,intergenic_variant
chr11,104758525,.,T,A,19.13,LowDP,13,0.001388,26,.,intergenic_variant
chr3,81281793,.,C,T,86.03,PASS,31,0.124868,17,.,intergenic_variant
chrX,72875899,rs103233,T,A,75.14,PASS,35,0.060096,39,.,intergenic_variant
chr21,8837011,rs103280,T,G,90.17,PASS,15,0.008557,29,.,intergenic_variant
chr3,58434941,.,T,A,100.0,PASS,61,0.023549,52,.,intergenic_variant
chr2,136667580,rs103323,A,G,81.19,PASS,20,0.235466,19,.,intergenic_variant
chr2,73616417,rs103324,T,C,81.24,PASS,61,0.041859,44,.,intergenic_variant
chr21,30118148,rs103353,T,A,27.97,LowGQ,17,0.259843,36,.,intergenic_variant
chr3,176442602,.,G,A,10.84,PASS,7,0.001039,10,.,intergenic_variant
chr7,117097987,rs103354,A,T,79.39,PASS,31,0.028024,37,.,intergenic_variant
chr7,68345833,rs103362,C,A,80.11,PASS,28,0.086492,37,.,intergenic_variant
chr11,3078883,rs103378,C,A,57.55,PASS,25,0.085809,42,.,intergenic_variant
chr1,94034716,.,C,A,89.05,PASS,17,0.014833,22,.,intergenic_variant
chr4,186070470,rs103406,A,G,4.34,PASS,24,0.094173,25,.,intergenic_variant
chrX,57868030,rs103428,C,T,76.54,LowDP,18,0.203289,26,.,intergenic_variant
chr21,16040417,.,A,G,20.05,PASS,20,0.018848,36,.,intergenic_variant
chr16,28218512,rs103446,G,T,68.9,LowDP,41,0.122744,41,.,intergenic_variant
chr1,217599999,.,G,C,92.53,PASS,27,0.094665,24,.,intergenic_variant
chr5,70302661,.,A,C,74.18,PASS,35,0.517226,26,.,intergenic_variant
chr11,11668301,.,C,G,81.61,PASS,21,0.206714,17,.,intergenic_variant
chr4,25134255,rs103468,A,G,99.66,PASS,20,0.078581,33,.,intergenic_variant
chr21,25452364,.,A,T,21.39,LowDP,12,0.018988,17,.,intergenic_variant
chr12,26757445,.,T,G,70.91,PASS,20,0.040383,21,.,intergenic_variant
chr1,191088485,.,A,G,69.67,PASS,3,0.141063,7,.,intergenic_variant
chr21,27219615,rs103509,T,G,87.69,LowGQ,17,0.085845,24,.,intergenic_variant
chrX,137267036,.,G,T,96.49,LowDP,23,0.010297,26,.,intergenic_variant
chr1,180683550,rs103521,T,G,69.26,LowQual,34,0.01976,35,.,intergenic_variant
chr9,27729938,rs103540,A,T,89.08,LowGQ,21,0.115181,38,.,intergenic_variant
chr5,29859884,rs103565,G,T,90.81,PASS,30,0.015612,46,.,intergenic_variant
chr6,137019547,.,T,C,15.05,LowDP,7,0.282337,3,.,intergenic_variant
chr3,89805667,rs103570,A,T,64.41,PASS,24,0.011839,32,.,intergenic_variant
chr10,87931802,rs103604,G,A,10.53,LowDP,9,0.001904,11,.,intergenic_variant
chrX,152857977,.,T,C,92.99,LowQual,12,0.059145,18,.,intergenic_variant
chr9,94499033,rs103643,A,G,22.96,PASS,22,5.2e-05,30,.,intergenic_variant
chr2,182185528,.,A,G,93.77,LowQual,53,0.216317,51,.,intergenic_variant
chr11,68487013,rs103653,C,T,81.88,PASS,31,0.318293,37,.,intergenic_variant
chr5,103707707,rs103700,C,A,19.22,PASS,25,0.093283,35,.,intergenic_variant
chr18,15005564,.,T,G,97.52,PASS,24,0.010372,32,.,intergenic_variant
chr7,13045089,.,T,C,96.36,LowGQ,16,0.024495,18,.,intergenic_variant
chr3,121502631,rs103707,T,C,86.03,PASS,18,0.013757,19,.,intergenic_variant
chr3,132903357,.,A,G,8.85,PASS,32,0.220932,24,.,intergenic_variant
chr15,33793259,rs103744,T,C,80.49,PASS,11,0.015296,12,.,intergenic_variant
chr4,18494571,rs103791,A,T,75.27,LowGQ,35,0.088866,54,.,intergenic_variant
chr15,25916607,rs103806,T,A,84.62,PASS,19,0.248527,19,.,intergenic_variant
chr3,180062176,rs103848,A,C,15.39,LowQual,40,0.003571,32,.,intergenic_variant
chr5,67590674,rs103872,A,G,90.7,LowDP,44,0.252878,48,.,intergenic_variant
chr8,26400657,rs103898,C,A,81.76,PASS,9,0.088453,16,.,intergenic_variant
chrX,119258695,rs103924,G,C,63.02,PASS,17,0.036729,22,.,intergenic_variant
chrX,60726517,rs103970,A,G,97.69,LowQual,15,0.058881,33,.,intergenic_variant
chr3,181422051,rs103996,T,A,86.9,LowDP,8,0.000456,21,.,intergenic_variant
chr6,28324387,rs104006,C,G,81.2,LowQual,13,1.3e-05,16,.,intergenic_variant
chr2,100700477,.,T,A,93.57,PASS,100,0.029992,87,.,intergenic_variant
chr9,74655556,.,T,C,100.0,LowDP,35,0.130493,34,.,intergenic_variant
chr8,139829273,rs104023,A,C,56.98,PASS,78,0.020063,79,.,intergenic_variant
chr21,2251348,.,A,G,89.34,PASS,40,0.448796,40,.,intergenic_variant
chr22,30991474,.,G,A,4.19,LowDP,16,0.172144,8,.,intergenic_variant
chr6,4792031,rs104037,A,G,70.73,PASS,20,0.05486,26,.,intergenic_variant
chr8,80327556,rs104039,A,G,89.99,LowQual,35,0.04438,26,.,intergenic_variant
chr20,19397110,.,G,C,20.49,PASS,32,0.107877,53,.,intergenic_variant
chr16,6702246,rs104087,T,A,86.28,LowDP,17,0.024375,16,.,intergenic_variant
chr1,121232373,.,G,T,91.36,PASS,10,0.080154,17,.,intergenic_variant
chr5,142963391,.,G,C,80.01,PASS,100,0.057941,92,.,intergenic_variant
chr7,158391471,.,G,C,66.27,LowDP,23,0.000124,26,.,intergenic_variant
chr4,78000129,.,C,A,12.9,PASS,20,0.056,24,.,intergenic_variant
chr3,85768067,rs104100,T,C,11.51,PASS,26,2.9e-05,34,.,intergenic_variant
chr1,185539301,rs104127,C,G,80.5,LowGQ,21,0.001473,39,.,intergenic_variant
chr12,132500566,.,C,G,89.07,PASS,26,0.288435,37,.,intergenic_variant
chr4,18742846,rs104136,A,G,95.15,LowGQ,53,0.038772,64,.,intergenic_variant
chr1,111880512,.,G,T,73.28,PASS,23,0.00068,20,.,intergenic_variant
chr4,34657681,.,G,T,95.27,PASS,12,0.210171,22,.,intergenic_variant
chr16,10023294,.,C,G,78.52,LowQual,22,0.143609,29,.,intergenic_variant
chr18,21040745,rs104143,A,G,88.62,PASS,19,0.5813,28,.,intergenic_variant
chr8,24993086,rs104191,A,G,79.9,PASS,58,0.037947,67,.,intergenic_variant
chr7,8623354,rs104201,A,T,14.74,PASS,50,0.07701,48,.,intergenic_variant
chrX,20360867,rs104210,T,G,86.82,LowDP,26,0.035466,28,.,intergenic_variant
chr3,28964395,.,C,A,93.92,PASS,11,0.061693,23,.,intergenic_variant
chr3,116777858,.,T,A,72.73,PASS,12,0.234207,5,.,intergenic_variant
chr5,35372655,.,A,G,78.2,PASS,25,0.000462,28,.,intergenic_variant
chr3,128664269,rs104232,A,G,86.85,PASS,30,0.009145,33,.,intergenic_variant
chr6,84449587,rs104255,A,T,100.0,PASS,20,0.069784,19,.,intergenic_variant
chr21,30289846,.,G,C,76.37,PASS,18,0.00787,33,.,intergenic_variant
chr11,58582692,rs104262,C,G,100.0,PASS,17,0.031216,15,.,intergenic_variant
chr7,89159978,rs104310,G,T,15.32,PASS,24,0.071912,28,.,intergenic_variant
chrX,45056233,.,T,G,100.0,PASS,6,0.09772,17,.,intergenic_variant
chr1,354183,.,G,T,84.03,PASS,13,0.026445,31,.,intergenic_variant
chr3,172914959,rs104319,C,T,82.02,PASS,17,0.194162,24,.,intergenic_variant
chr10,103304252,.,G,A,22.16,LowDP,51,0.00749,58,.,intergenic_variant
chr11,52829651,rs104346,A,T,78.08,PASS,15,0.160122,28,.,intergenic_variant
chr1,43985573,.,T,G,84.32,PASS,27,0.276916,33,.,intergenic_variant
chr7,36471018,rs104370,T,C,70.93,PASS,28,0.03462,24,.,intergenic_variant
chr12,18351472,rs104399,A,G,84.24,PASS,53,0.127563,41,.,intergenic_variant
chr13,7012023,.,A,G,99.97,LowQual,52,0.085602,52,.,intergenic_variant
chr12,54111053,rs104416,A,C,78.89,LowGQ,24,0.288585,25,.,intergenic_variant
chr5,156542184,.,C,T,82.59,PASS,18,0.085367,32,.,intergenic_variant
chr2,48838505,.,G,T,67.99,PASS,16,0.000755,29,.,intergenic_variant
chr7,29649387,.,T,A,88.74,PASS,21,0.182212,25,.,intergenic_variant
chr2,39464555,.,G,T,19.73,PASS,19,0.132206,16,.,intergenic_variant
chrX,147700215,rs104436,A,G,87.64,LowDP,34,0.408697,41,.,intergenic_variant
chr8,45658704,.,A,C,85.64,PASS,32,0.155017,27,.,intergenic_variant
chr5,62341866,rs104443,G,T,82.83,PASS,35,0.077975,32,.,intergenic_variant
chr15,39517565,rs104486,T,A,13.75,PASS,52,0.350314,44,.,intergenic_variant
chr9,52995768,.,C,A,82.07,LowQual,75,0.057607,69,.,intergenic_variant
chr5,9699756,rs104526,G,T,90.02,PASS,26,0.110068,40,.,intergenic_variant
chr17,16644742,rs104533,A,G,84.71,LowGQ,47,0.007127,48,.,intergenic_variant
chr19,18875168,rs104561,A,T,88.15,PASS,20,0.001746,22,.,intergenic_variant
chr12,114612588,.,C,T,87.15,PASS,50,2.2e-05,38,.,intergenic_variant
chr1,26702026,.,G,C,96.23,LowQual,46,0.002194,51,.,intergenic_variant
chr10,102243186,rs104580,C,T,91.77,PASS,45,0.04296,40,.,intergenic_variant
chr15,8927378,rs104600,C,T,21.11,PASS,26,0.000553,32,.,intergenic_variant
chr2,201614148,.,T,G,86.93,PASS,16,0.314832,20,.,intergenic_variant
chr4,36298887,rs104644,T,A,100.0,PASS,11,0.188261,26,.,intergenic_variant
chr20,25574002,rs104683,A,C,18.21,PASS,24,0.003423,28,.,intergenic_variant
chr1,114709768,rs104723,G,A,11.59,LowGQ,62,0.043195,59,.,intergenic_variant
chr15,3197419,rs104730,T,G,89.2,PASS,20,0.024265,30,.,intergenic_variant
chr8,11509801,rs104736,A,G,14.0,LowQual,39,0.022296,58,.,intergenic_variant
chr7,69897512,.,G,A,98.05,PASS,41,0.000958,50,.,intergenic_variant
chr1,73333763,rs104761,A,G,91.07,PASS,21,0.058304,26,.,intergenic_variant
chr17,73487249,.,T,G,13.81,PASS,54,0.013663,53,.,intergenic_variant
chr6,152565442,.,A,C,66.58,LowGQ,4,0.165499,9,.,intergenic_variant
chr9,66346205,.,G,T,98.05,LowQual,12,0.099823,12,.,intergenic_variant
chr13,51754420,rs104802,G,C,86.35,LowQual,14,0.015774,17,.,intergenic_variant
chr13,23722902,rs104815,A,C,84.48,PASS,15,0.010004,16,.,intergenic_variant
chrX,95443972,rs104854,G,A,87.81,PASS,30,0.047188,39,.,intergenic_variant
chr9,58550265,.,A,C,81.55,PASS,29,0.000416,25,.,intergenic_variant
chr7,84741515,rs104894,G,A,19.04,LowGQ,31,0.156328,45,.,intergenic_variant
chrX,134526426,rs104916,A,G,87.27,PASS,35,0.039817,44,.,intergenic_variant
chr12,78908433,rs104965,A,C,79.08,PASS,14,0.090731,21,.,intergenic_variant
chr5,54047448,rs104982,A,T,12.06,PASS,12,0.087047,20,.,intergenic_variant
chr2,55051356,rs105030,C,A,97.74,PASS,31,0.130861,30,.,intergenic_variant
chr18,7279075,rs105052,G,C,83.86,PASS,17,0.037527,26,.,intergenic_variant
chr6,43585014,rs105086,T,A,81.17,LowDP,10,0.006413,27,.,intergenic_variant
chr12,56363939,rs105094,A,G,75.75,PASS,44,0.131478,40,.,intergenic_variant
chr8,96840080,rs105143,C,G,87.69,LowDP,57,0.103681,43,.,intergenic_variant
chr3,37758159,.,T,G,86.87,LowDP,62,0.193385,65,.,intergenic_variant
chr11,81963627,rs105188,A,C,88.88,PASS,27,0.251998,34,.,intergenic_variant
chr1,32070802,rs105206,T,A,74.73,PASS,36,0.011991,30,.,intergenic_variant
chr7,17619823,rs105230,C,A,68.99,PASS,56,0.075005,49,.,intergenic_variant
chr10,56064101,rs105272,T,G,11.88,LowDP,17,0.011818,17,.,intergenic_variant
chr7,108041072,.,A,T,91.26,PASS,48,0.001236,43,.,intergenic_variant
chr15,37425982,rs105274,T,C,99.85,PASS,29,0.002348,31,.,intergenic_variant
chr17,55966961,.,T,C,74.74,PASS,42,0.00114,41,.,intergenic_variant
chr15,15333353,.,A,G,30.75,PASS,27,0.223378,26,.,intergenic_variant
chr1,108388251,.,C,T,100.0,PASS,53,0.029008,46,.,intergenic_variant
chr3,54554787,rs105276,C,T,22.52,PASS,28,0.000753,31,.,intergenic_variant
chr9,17325940,rs105303,T,G,87.84,LowQual,10,0.078851,19,.,intergenic_variant
chrX,87119021,.,G,C,8.92,LowDP,59,0.052952,55,.,intergenic_variant
chr18,61254179,rs105317,T,G,84.93,PASS,14,0.073837,30,.,intergenic_variant
chr18,21550364,.,G,C,81.02,PASS,52,0.001526,56,.,intergenic_variant
chr5,92360039,.,T,C,71.15,LowDP,23,0.342155,16,.,intergenic_variant
chr7,79706493,.,C,A,94.88,PASS,50,0.377037,54,.,intergenic_variant
chr8,103548876,rs105365,T,A,77.24,LowDP,48,0.342361,53,.,intergenic_variant
chr2,33052559,.,T,A,77.2,PASS,32,0.002961,32,.,intergenic_variant
chr1,173684245,.,G,C,94.92,PASS,33,0.181695,24,.,intergenic_variant
chrX,42635060,.,C,A,66.17,PASS,32,0.057844,36,.,intergenic_variant
chr4,141573283,rs105404,G,A,69.76,PASS,7,0.172718,16,.,intergenic_variant
chr4,62364650,rs105416,T,A,84.82,LowDP,26,0.078568,22,.,intergenic_variant
chr2,51772001,rs105448,A,T,87.93,PASS,13,0.020453,9,.,intergenic_variant
chr22,10297651,rs105476,T,C,89.85,PASS,27,0.064659,31,.,intergenic_variant
chr10,1877331,rs105504,T,A,81.98,PASS,12,0.06989,18,.,intergenic_variant
chr12,82118711,.,G,T,100.0,LowQual,12,0.043783,16,.,intergenic_variant
chr21,38636503,rs105550,A,T,82.72,PASS,64,0.045735,61,.,intergenic_variant
chr6,22985304,.,A,T,82.69,LowQual,47,0.111899,39,.,intergenic_variant
chr11,84934359,rs105575,G,A,77.03,PASS,24,0.148939,26,.,intergenic_variant
chr1,107698780,rs105579,C,T,86.24,PASS,27,0.013991,36,.,intergenic_variant
chr3,24269035,rs105605,A,G,91.15,LowQual,21,0.107763,24,.,intergenic_variant
chr17,55549624,rs105641,A,T,19.57,PASS,35,0.02355,25,.,intergenic_variant
chr15,28609574,.,G,T,97.04,PASS,16,0.169786,19,.,intergenic_variant
chr6,161034435,rs105644,C,T,70.11,PASS,45,0.0745,37,.,intergenic_variant
chr6,10082305,.,C,T,82.54,PASS,21,0.006112,29,.,intergenic_variant
chr9,81519305,rs105645,T,C,89.47,PASS,19,0.034451,28,.,intergenic_variant
chr1,238727581,.,T,A,90.87,PASS,25,0.123053,17,GENE393,intron_variant
chr4,39813658,rs105662,G,C,85.07,PASS,17,0.009515,30,.,intergenic_variant
chr3,151722413,rs105669,C,G,15.95,PASS,30,0.040557,25,.,intergenic_variant
chr4,79784285,rs105717,G,A,18.13,PASS,18,0.160489,37,.,intergenic_variant
chr16,20231924,rs105722,T,G,90.42,PASS,32,0.000499,35,.,intergenic_variant
chr4,98084321,rs105741,G,A,76.91,LowGQ,51,0.019931,41,.,intergenic_variant
chr3,105535884,.,G,A,100.0,LowDP,16,0.51408,14,.,intergenic_variant
chr9,73393044,.,A,G,94.93,PASS,23,0.014937,31,.,intergenic_variant
chr19,15052663,.,A,C,16.1,PASS,32,0.097567,32,.,intergenic_variant
chr4,12442675,rs105780,A,T,71.55,LowGQ,19,0.11388,24,.,intergenic_variant
chr1,6914129,rs105826,T,C,74.25,PASS,32,0.161894,49,.,intergenic_variant
chr6,45811748,rs105860,G,T,74.53,PASS,34,0.015477,32,.,intergenic_variant
chr15,36353091,.,A,G,91.78,LowQual,47,0.005686,48,.,intergenic_variant
chr10,41216641,.,A,T,24.52,PASS,17,0.153628,35,.,intergenic_variant
chr17,51755890,.,A,C,72.15,PASS,14,0.162249,23,.,intergenic_variant
chrX,15221493,.,T,A,81.69,LowGQ,20,0.180581,13,.,intergenic_variant
chr16,5541544,rs105895,T,A,89.55,PASS,14,0.267898,25,.,intergenic_variant
chr11,39949454,rs105944,G,T,17.76,PASS,34,0.045882,28,.,intergenic_variant
chr8,82680517,rs105960,G,C,84.34,PASS,12,0.011569,31,.,intergenic_variant
chr1,49972695,rs106000,G,C,14.5,PASS,99,0.03649,83,.,intergenic_variant
chrY,12768877,rs106047,A,G,87.59,LowQual,53,0.010004,76,.,intergenic_variant
chr6,106094456,rs106086,C,A,23.34,PASS,25,0.02824,42,.,intergenic_variant
chr2,160429647,.,T,G,74.34,PASS,41,0.015729,36,.,intergenic_variant
chr12,53724038,.,A,G,90.95,LowGQ,9,0.117403,17,GENE384,intron_variant
chr4,32670369,.,A,T,78.87,PASS,100,0.241227,96,.,intergenic_variant
chr10,120857015,.,G,C,81.75,PASS,17,0.006072,30,.,intergenic_variant
chr11,41906303,rs106113,G,A,87.38,PASS,23,0.018676,32,.,intergenic_variant
chr7,97757213,rs106154,A,T,16.87,PASS,8,0.065907,26,.,intergenic_variant
chr18,66954182,.,T,C,86.03,PASS,33,0.063864,35,.,intergenic_variant
chr4,59453135,rs106192,T,C,85.24,LowGQ,13,0.241596,17,.,intergenic_variant
chr7,3246320,rs106217,A,G,77.49,LowDP,26,0.012298,28,.,intergenic_variant
chr9,68745482,rs106243,C,G,82.0,PASS,18,0.028303,31,.,intergenic_variant
chr12,98021046,rs106257,C,A,15.97,PASS,13,0.013708,23,.,intergenic_variant
chr16,32943537,rs106271,T,C,85.02,PASS,15,0.076753,24,.,intergenic_variant
chr6,86352785,rs106285,G,C,17.51,PASS,28,0.524925,39,.,intergenic_variant
chr12,27525617,rs106310,C,A,14.25,PASS,11,0.087695,2,.,intergenic_variant
chr2,126191032,.,C,G,71.25,LowGQ,16,0.001124,25,.,intergenic_variant
chrX,68155116,rs106346,G,T,80.37,PASS,37,0.047472,41,.,intergenic_variant
chr6,134503085,rs106350,C,T,15.07,PASS,100,0.43836,99,.,intergenic_variant
chr14,99397804,rs106397,A,G,88.88,PASS,33,0.002035,24,.,intergenic_variant
chr1,177684974,rs106412,C,A,72.23,PASS,14,0.016146,34,.,intergenic_variant
chr3,170775498,.,G,A,96.57,PASS,20,0.006617,27,.,intergenic_variant
chr8,124003997,.,A,C,97.7,PASS,25,0.009756,34,.,intergenic_variant
chr19,8505090,.,C,G,72.55,PASS,20,0.003877,39,.,intergenic_variant
chr9,54594212,rs106444,T,C,98.58,PASS,42,0.076294,48,.,intergenic_variant
chr22,3275655,rs106462,A,T,83.56,PASS,28,0.003183,36,.,intergenic_variant
chr8,70783642,rs106476,A,C,10.31,PASS,42,3.7e-05,46,.,intergenic_variant
chr8,24899951,rs106477,T,C,89.19,PASS,20,0.020655,22,.,intergenic_variant
chr2,149135910,rs106519,T,C,80.03,LowDP,54,0.118365,53,.,intergenic_variant
chr16,80634499,rs106539,C,G,94.23,PASS,22,0.51427,22,.,intergenic_variant
chr4,59930470,rs106549,C,A,89.06,PASS,14,0.039892,21,.,intergenic_variant
chr20,60920063,.,G,A,76.86,PASS,91,0.015536,64,.,intergenic_variant
chr21,32276688,rs106559,G,T,73.35,LowQual,8,0.027592,20,.,intergenic_variant
chrX,21172319,.,A,C,70.4,PASS,16,0.002941,22,.,intergenic_variant
chr9,81921884,rs106583,T,C,86.88,PASS,17,0.093271,21,.,intergenic_variant
chr13,108708318,rs106617,T,G,90.72,PASS,100,0.070473,92,.,intergenic_variant
chr16,31531770,.,G,A,8.99,PASS,73,0.145092,57,.,intergenic_variant
chr2,57155774,.,A,C,91.51,PASS,60,0.185831,73,.,intergenic_variant
chr11,16669383,rs106645,A,C,7.01,PASS,20,0.221171,25,.,intergenic_variant
chr1,102905316,rs106672,G,A,3.86,LowDP,100,0.332749,89,.,intergenic_variant
chr9,10450653,rs106712,G,C,83.82,PASS,31,0.086082,27,.,intergenic_variant
chr2,48297496,rs106713,G,A,73.43,PASS,44,0.005757,45,.,intergenic_variant
chr3,17089268,.,C,G,78.18,PASS,27,0.036925,43,.,intergenic_variant
chr6,132977476,.,A,G,7.96,PASS,24,0.055488,37,.,intergenic_variant
chr7,98346624,.,A,G,96.52,PASS,21,0.081667,34,.,intergenic_variant
chr11,15099692,rs106746,A,T,80.15,LowDP,22,0.002678,32,.,intergenic_variant
chr1,133017733,.,G,C,86.43,LowGQ,35,0.315289,35,.,intergenic_variant
chr9,112349239,rs106750,G,A,74.24,PASS,31,0.137275,23,.,intergenic_variant
chr3,106926045,.,G,T,88.37,PASS,24,0.052998,28,.,intergenic_variant
chr10,3568126,.,G,A,80.42,PASS,61,0.092952,57,.,intergenic_variant
chr12,6656670,rs106757,T,C,95.47,PASS,4,0.023823,22,.,intergenic_variant
chr10,44584477,rs106766,G,A,92.74,PASS,33,0.213974,39,.,intergenic_variant
chr14,60496282,rs106782,C,T,80.04,LowDP,38,0.16962,53,.,intergenic_variant
chr5,86328986,rs106787,T,G,83.73,LowQual,49,7.1e-05,59,.,intergenic_variant
chr15,65520933,.,T,A,79.49,PASS,24,0.310375,26,.,intergenic_variant
chr7,94008030,rs106821,G,A,70.81,PASS,28,0.384148,18,.,intergenic_variant
chr8,51743859,rs106844,A,C,13.61,PASS,44,0.120301,56,.,intergenic_variant
chr12,39579573,rs106887,G,T,15.82,PASS,60,0.036842,69,.,intergenic_variant
chr1,157357726,.,A,G,76.43,PASS,20,0.076481,15,.,intergenic_variant
chr12,81293571,rs106912,G,A,86.98,PASS,29,0.083985,45,.,intergenic_variant
chr11,132497147,.,G,C,88.25,PASS,67,0.196645,67,.,intergenic_variant
chr5,154158202,.,A,T,86.49,PASS,7,0.019283,17,.,intergenic_variant
chr2,69783851,.,A,C,81.98,PASS,16,0.415726,36,.,intergenic_variant
chr2,171187975,rs106925,A,C,94.33,LowQual,59,0.132655,68,.,intergenic_variant
chr22,35504689,rs106949,A,T,85.64,PASS,47,0.087177,53,.,intergenic_variant
chr13,66471801,rs106960,C,A,92.03,PASS,34,0.211938,41,.,intergenic_variant
chr2,153798473,rs106977,A,G,67.26,PASS,19,0.001845,30,.,intergenic_variant
chr6,32079349,rs107014,G,T,45.78,PASS,14,0.258161,18,.,intergenic_variant
chr11,78905641,.,G,T,87.84,PASS,17,0.066821,23,.,intergenic_variant
chr18,55642474,rs107027,C,A,70.75,PASS,62,0.353829,52,.,intergenic_variant
chr1,88140365,.,A,T,82.88,PASS,17,0.131035,21,.,intergenic_variant
chr4,93117903,rs107054,G,A,12.83,PASS,26,0.350742,28,.,intergenic_variant
chr20,33719734,.,C,A,81.98,LowGQ,16,0.000555,18,.,intergenic_variant
chr1,55146623,.,G,T,0.0,PASS,41,0.001025,44,.,intergenic_variant
chr3,100960477,.,C,A,100.0,PASS,18,0.016837,22,.,intergenic_variant
chrX,16237539,.,C,G,89.0,PASS,23,0.018166,32,.,intergenic_variant
chr11,3405915,.,T,C,86.66,PASS,9,0.070959,4,.,intergenic_variant
chr4,41720219,.,T,A,93.37,LowQual,9,0.070089,16,.,intergenic_variant
chr1,138395656,rs107074,A,G,88.68,PASS,25,0.01105,31,.,intergenic_variant
chr1,5032404,rs107107,T,A,80.42,PASS,11,0.031446,16,.,intergenic_variant
chr4,137446794,rs107149,C,G,95.71,PASS,87,0.329548,78,.,intergenic_variant
chr20,45402381,rs107181,G,T,73.9,PASS,7,0.160841,3,.,intergenic_variant
chr7,145824959,rs107189,G,A,88.23,LowDP,15,0.002384,25,.,intergenic_variant
chr14,67696291,rs107218,A,C,69.52,PASS,25,0.04845,35,.,intergenic_variant
chr22,3430461,rs107258,T,A,87.04,PASS,20,0.001064,30,.,intergenic_variant
chr7,149308680,rs107277,A,C,27.6,LowDP,13,0.127536,29,.,intergenic_variant
chr3,112192285,rs107283,C,A,86.93,LowDP,14,0.000149,23,.,intergenic_variant
chr9,51463263,.,T,A,100.0,PASS,14,0.03072,25,.,intergenic_variant
chr21,41557462,rs107327,A,T,69.35,PASS,21,0.122444,28,.,intergenic_variant
chr16,30278293,.,G,T,78.99,PASS,79,0.002787,79,.,intergenic_variant
chr1,103129804,rs107366,G,C,93.23,PASS,26,0.032902,18,.,intergenic_variant
chr13,63707915,.,A,C,23.69,LowGQ,50,0.084324,43,.,intergenic_variant
chr10,10055170,.,A,G,88.35,PASS,33,0.307642,49,.,intergenic_variant
chr21,31907753,.,A,G,18.57,PASS,48,0.168936,29,.,intergenic_variant
chr2,101439682,.,C,T,86.8,LowDP,5,0.046014,13,.,intergenic_variant
chr9,99469794,rs107414,C,G,75.44,PASS,20,0.233383,35,.,intergenic_variant
chr20,10293123,.,G,T,79.09,PASS,54,0.000482,52,.,intergenic_variant
chr7,94571856,.,C,G,97.45,LowGQ,17,0.123397,20,.,intergenic_variant
chr8,41018803,.,C,A,84.48,LowDP,71,0.338388,68,.,intergenic_variant
chr1,76573892,.,T,C,88.75,LowDP,60,0.008136,55,.,intergenic_variant
chr4,182068055,rs107455,C,T,83.85,PASS,19,0.036498,25,.,intergenic_variant
chr5,143613177,.,T,G,30.26,LowQual,18,0.030745,19,.,intergenic_variant
chrX,76478962,rs107476,C,T,73.17,PASS,13,0.118751,29,.,intergenic_variant
chr4,180304084,rs107498,G,C,7.18,PASS,17,0.225312,35,.,intergenic_variant
chr8,140737182,rs107540,A,G,94.34,LowGQ,12,0.193693,19,.,intergenic_variant
chr12,95546834,.,G,T,90.03,PASS,32,0.140387,25,.,intergenic_variant
chr3,141063819,rs107550,C,A,30.1,LowQual,10,0.007524,14,.,intergenic_variant
chr8,142825693,rs107560,A,C,7.28,PASS,35,0.032041,37,.,intergenic_variant
chr14,95805713,rs107589,A,G,100.0,PASS,36,0.169339,43,.,intergenic_variant
chr19,2995354,.,A,G,74.84,LowQual,9,0.248558,9,.,intergenic_variant
chr11,25650425,.,T,G,93.23,PASS,62,0.1354,53,.,intergenic_variant
chr12,127324439,rs107605,G,C,71.88,PASS,33,0.342061,40,.,intergenic_variant
chr2,220011960,rs107606,T,C,86.57,PASS,38,0.23306,48,.,intergenic_variant
chrX,28082992,.,A,T,94.77,LowGQ,16,0.001058,18,.,intergenic_variant
chr2,36843796,.,G,T,16.91,PASS,36,0.05604,28,.,intergenic_variant
chr15,31634413,.,G,C,4.81,PASS,48,0.18072,75,.,intergenic_variant
chr4,128186882,rs107623,C,A,64.28,PASS,23,0.0123,35,.,intergenic_variant
chrX,25812056,.,T,C,82.95,LowGQ,82,0.001721,73,.,intergenic_variant
chr14,76267295,rs107653,T,A,15.12,LowQual,25,0.094258,37,.,intergenic_variant
chr15,36340635,rs107679,C,A,79.37,LowQual,49,0.346062,48,.,intergenic_variant
chr3,115569145,rs107725,T,A,77.98,PASS,29,0.026221,40,.,intergenic_variant
chr7,45830916,rs107744,A,T,88.85,PASS,35,0.110551,39,.,intergenic_variant
chr11,131155185,.,A,T,96.21,PASS,9,0.007975,18,.,intergenic_variant
chr15,50220685,rs107765,T,G,18.09,PASS,31,0.031742,34,.,intergenic_variant
chr2,102312676,rs107782,C,G,83.67,PASS,16,0.001018,11,.,intergenic_variant
chrX,144902819,rs107828,G,T,87.05,LowGQ,15,0.087591,38,.,intergenic_variant
chr20,27923692,rs107868,T,G,86.14,LowQual,70,0.005059,58,.,intergenic_variant
chr4,113995904,rs107889,G,C,13.76,PASS,22,0.00723,17,.,intergenic_variant
chr17,82629832,rs107930,C,G,20.71,PASS,13,0.23467,19,.,intergenic_variant
chr9,94500342,rs107970,G,A,85.02,LowQual,20,0.001094,18,.,intergenic_variant
chr8,80856714,.,C,G,74.11,PASS,11,0.184349,18,.,intergenic_variant
chr5,152228332,.,C,G,96.08,PASS,58,0.001789,62,.,intergenic_variant
chr10,81996821,.,A,T,87.95,PASS,16,0.122373,31,.,intergenic_variant
chr14,80303338,rs108015,A,C,88.95,PASS,34,0.043929,44,.,intergenic_variant
chr7,125879939,.,C,A,76.93,LowQual,55,0.049306,52,.,intergenic_variant
chr11,102912416,.,T,C,80.41,PASS,18,0.173339,25,.,intergenic_variant
chr13,86337684,.,A,T,83.24,PASS,34,0.000211,40,.,intergenic_variant
chr14,18274333,.,C,T,69.66,PASS,13,0.159897,6,.,intergenic_variant
chr1,72680809,rs108064,G,T,15.79,LowQual,100,0.032372,95,.,intergenic_variant
chr18,48681268,.,G,T,68.12,PASS,43,0.054415,33,.,intergenic_variant
chr8,133496750,rs108083,T,C,78.99,PASS,22,0.025066,44,.,intergenic_variant
chr4,111958178,rs108090,G,T,10.82,LowGQ,15,0.006649,19,.,intergenic_variant
chr4,58915685,rs108107,G,A,90.23,LowGQ,23,0.1534,27,.,intergenic_variant
chr8,45837140,rs108108,C,A,78.47,LowGQ,20,0.23544,20,.,intergenic_variant
chr20,38150205,.,G,C,74.81,LowQual,79,0.003584,68,.,intergenic_variant
chr6,114063485,rs108145,G,T,76.85,PASS,12,0.003044,38,.,intergenic_variant
chr15,39296071,rs108151,G,T,80.45,PASS,27,0.014009,39,.,intergenic_variant
chr2,240933702,.,G,T,81.46,PASS,24,0.021778,17,.,intergenic_variant
chr8,73914834,rs108177,C,T,10.47,PASS,23,0.053198,40,.,intergenic_variant
chrY,13773043,rs108179,G,C,100.0,LowGQ,23,0.169717,38,.,intergenic_variant
chr15,54312697,.,T,G,95.55,LowQual,23,0.174621,26,.,intergenic_variant
chr3,190628799,.,A,G,95.25,LowQual,41,0.014773,45,.,intergenic_variant
chr9,116841347,rs108211,T,G,96.69,PASS,35,0.001092,38,.,intergenic_variant
chr4,91832402,.,A,T,75.01,LowDP,32,0.166947,51,.,intergenic_variant
chr7,81828696,rs108259,T,A,72.78,LowDP,4,0.060176,7,.,intergenic_variant
chr16,48788335,rs108264,A,G,73.93,PASS,29,0.075427,34,.,intergenic_variant
chr15,11679242,rs108301,A,C,98.35,LowDP,9,0.038278,14,.,intergenic_variant
chr4,143788955,rs108332,A,G,79.53,PASS,36,0.029458,27,.,intergenic_variant
chr22,18448396,.,A,T,72.49,PASS,59,0.136453,75,.,intergenic_variant
chr11,83489217,.,C,T,21.49,PASS,14,0.337353,12,.,intergenic_variant
chr6,78494912,rs108344,T,C,80.69,PASS,21,0.004844,29,.,intergenic_variant
chr9,20005626,rs108379,A,C,82.61,PASS,17,0.011485,10,.,intergenic_variant
chr11,55230490,.,T,C,87.68,PASS,51,0.080713,48,.,intergenic_variant
chr10,75433743,rs108409,G,C,87.51,LowGQ,26,0.23695,34,.,intergenic_variant
chr8,57924092,rs108457,A,T,76.72,PASS,69,0.204689,59,.,intergenic_variant
chr9,85997359,.,T,A,91.86,LowQual,31,0.027567,39,.,intergenic_variant
chr3,91861599,.,C,G,78.61,PASS,28,0.005253,30,.,intergenic_variant
chr17,12277441,.,T,A,83.44,PASS,26,0.14892,40,.,intergenic_variant
chr9,100879948,rs108463,A,C,9.77,PASS,40,0.082136,53,.,intergenic_variant
chr2,58637179,.,G,C,91.87,PASS,9,0.017503,13,.,intergenic_variant
chr15,6620662,rs108478,T,A,22.32,PASS,26,0.091154,31,.,intergenic_variant
chrX,9929465,rs108493,G,T,78.58,PASS,24,0.195695,31,.,intergenic_variant
chrX,78951993,rs108509,C,T,79.31,PASS,38,0.003981,45,.,intergenic_variant
chr6,97780768,rs108529,T,G,90.92,PASS,22,0.016183,28,.,intergenic_variant
chr2,157361983,rs108542,T,G,24.78,LowDP,13,0.009514,22,.,intergenic_variant
chr9,24349708,rs108586,C,A,1.65,PASS,25,0.0187,28,.,intergenic_variant
chr2,118046015,rs108628,C,T,76.42,PASS,13,0.041991,21,.,intergenic_variant
chrX,102223452,.,C,G,81.15,PASS,8,0.023919,27,.,intergenic_variant
chr3,97216513,rs108674,A,T,90.56,PASS,38,0.00015,46,.,intergenic_variant
chr4,102274886,rs108705,A,G,100.0,PASS,35,4.5e-05,44,.,intergenic_variant
chr7,76337285,rs108739,T,C,91.05,LowGQ,32,0.250747,41,.,intergenic_variant
chr6,65589334,rs108768,T,G,24.06,LowQual,54,0.045267,52,.,intergenic_variant
chr16,88384988,.,T,G,89.73,PASS,16,0.044609,25,.,intergenic_variant
chr8,29097751,rs108771,G,A,90.31,PASS,10,0.135013,9,.,intergenic_variant
chr3,30573748,.,C,G,74.27,PASS,24,0.075159,39,.,intergenic_variant
chr4,47906430,rs108780,T,G,86.16,LowQual,20,0.263946,4,.,intergenic_variant
chr9,93319343,rs108791,C,A,84.7,PASS,15,0.000486,21,.,intergenic_variant
chr2,192236283,.,A,T,88.22,PASS,23,0.019196,38,.,intergenic_variant
chr11,2378773,.,C,T,31.48,LowQual,17,0.093254,13,.,intergenic_variant
chr10,120916965,rs108802,G,T,86.17,LowQual,8,0.089023,20,.,intergenic_variant
chr14,63806569,.,G,C,88.8,LowQual,19,0.018886,20,.,intergenic_variant
chrX,42291778,rs108827,C,T,81.89,LowDP,12,0.059527,17,.,intergenic_variant
chr21,15935239,.,G,A,85.59,LowGQ,28,0.077211,40,.,intergenic_variant
chrX,89626673,.,G,T,72.72,PASS,17,0.38896,25,.,intergenic_variant
chr4,33401360,.,A,T,81.8,PASS,48,0.258708,32,.,intergenic_variant
chr2,49922193,.,T,A,98.91,LowQual,64,0.10364,53,.,intergenic_variant
chr5,93723988,rs108849,G,A,17.02,PASS,37,0.179025,47,.,intergenic_variant
chr20,35066618,.,T,C,88.19,LowGQ,10,0.03532,22,.,intergenic_variant
chrX,21040203,rs108891,C,G,84.79,PASS,61,0.185866,73,.,intergenic_variant
chr18,36923170,rs108937,C,G,19.79,PASS,63,0.191216,74,.,intergenic_variant
chr2,119985057,rs108946,G,C,100.0,PASS,25,0.758521,27,.,intergenic_variant
chrX,28665410,rs108966,C,A,23.3,PASS,54,0.049588,73,.,intergenic_variant
chr7,80351551,.,A,T,71.39,PASS,18,0.01211,25,.,intergenic_variant
chr1,89211991,rs108987,G,T,73.91,LowQual,8,0.000178,9,.,intergenic_variant
chr7,139580969,rs108997,G,T,12.8,PASS,16,0.066136,18,.,intergenic_variant
chr1,236909242,rs109019,G,C,16.46,LowQual,69,0.049589,47,.,intergenic_variant
chr10,67768162,rs109048,C,A,100.0,PASS,10,0.004191,31,.,intergenic_variant
chr5,97473359,.,C,A,85.46,PASS,25,0.065049,43,.,intergenic_variant
chr8,141203210,rs109057,G,A,82.57,PASS,25,0.001582,22,.,intergenic_variant
chr11,59883193,.,T,G,4.49,PASS,18,0.159821,23,.,intergenic_variant
chr19,5506775,.,C,G,73.01,LowQual,19,0.228476,26,.,intergenic_variant
chr12,76086779,.,C,A,16.11,LowDP,26,0.016419,23,.,intergenic_variant
chr7,72346129,rs109062,G,C,89.48,LowDP,18,0.003609,10,.,intergenic_variant
chr17,50524452,.,T,A,90.44,LowGQ,10,0.003968,16,.,intergenic_variant
chr21,10048457,rs109102,G,C,74.06,PASS,28,0.026569,30,.,intergenic_variant
chr2,44855076,.,C,A,83.6,LowDP,47,0.489391,44,.,intergenic_variant
chr9,130881331,rs109113,G,C,18.98,LowQual,41,0.016373,45,.,intergenic_variant
chr4,56291425,rs109114,G,A,81.64,LowDP,15,0.060902,33,.,intergenic_variant
chr1,175124343,rs109156,G,A,19.13,PASS,12,0.146157,17,.,intergenic_variant
chr12,46937183,.,T,C,87.56,LowGQ,21,0.077401,28,.,intergenic_variant
chr19,28462406,rs109157,G,C,73.81,PASS,63,0.16923,66,.,intergenic_variant
chr3,181257552,rs109196,C,T,23.52,LowQual,36,0.247724,43,.,intergenic_variant
chr17,39707716,rs109242,G,C,97.52,PASS,37,0.044533,35,.,intergenic_variant
chr18,24998096,.,T,A,94.16,PASS,42,0.024539,44,.,intergenic_variant
chr21,33234686,.,A,C,81.37,PASS,32,0.17488,40,.,intergenic_variant
chr4,165692678,rs109247,T,C,8.8,PASS,26,0.475932,22,.,intergenic_variant
chr21,40759706,.,G,T,10.74,PASS,37,0.069039,50,.,intergenic_variant
chr5,138746187,rs109296,A,G,82.84,LowQual,18,0.240295,36,.,intergenic_variant
chr10,33012056,rs109318,G,A,30.16,PASS,10,0.000735,12,.,intergenic_variant
chr1,130231261,.,T,A,83.64,PASS,38,0.029803,42,.,intergenic_variant
chr1,165118723,rs109344,A,T,77.22,PASS,52,0.289036,57,.,intergenic_variant
chr14,88213300,rs109350,A,G,13.8,PASS,13,0.001213,16,.,intergenic_variant
chr7,146997322,rs109382,G,A,80.57,PASS,40,0.042749,46,.,intergenic_variant
chr4,15255165,rs109430,G,A,16.6,PASS,67,0.026268,65,.,intergenic_variant
chr3,13979902,rs109441,T,A,82.3,PASS,24,0.064014,17,.,intergenic_variant
chr12,84663231,rs109451,G,C,100.0,PASS,15,0.089122,26,.,intergenic_variant
chr1,95592257,rs109498,A,G,94.47,PASS,26,0.000872,22,.,intergenic_variant
chr16,16010987,rs109537,C,T,94.35,PASS,18,0.102193,32,.,intergenic_variant
chr1,246297562,rs109571,C,A,88.7,PASS,17,0.196916,18,.,intergenic_variant
chr3,55804236,rs109602,T,A,73.83,LowGQ,32,0.000669,34,.,intergenic_variant
chr6,59491726,rs109614,G,T,84.59,PASS,9,0.254576,28,.,intergenic_variant
chr8,47914329,.,T,A,94.7,PASS,10,0.121999,22,.,intergenic_variant
chr6,72571627,rs109658,C,T,72.42,PASS,25,0.022575,21,.,intergenic_variant
chr5,153085596,.,C,T,91.37,PASS,24,0.144791,21,.,intergenic_variant
chrX,106518410,.,G,A,100.0,PASS,30,0.170074,29,.,intergenic_variant
chr12,47428723,.,A,G,95.62,PASS,76,0.009208,74,.,intergenic_variant
chr1,227266873,rs109674,G,C,14.46,PASS,26,0.028128,34,.,intergenic_variant
chr7,42836196,rs109712,C,G,99.14,PASS,35,0.072817,31,.,intergenic_variant
chr19,34081602,rs109715,A,G,8.43,PASS,14,0.031493,12,.,intergenic_variant
chr5,7123802,.,T,A,87.18,PASS,39,0.074771,43,.,intergenic_variant
chr2,87667957,rs109717,C,T,94.68,LowGQ,18,0.129081,23,.,intergenic_variant
chr15,1897466,.,T,G,27.99,PASS,26,0.001927,48,.,intergenic_variant
chr11,77568042,.,A,C,77.82,PASS,23,0.159005,29,.,intergenic_variant
chr10,30548433,rs109722,T,C,92.96,LowGQ,46,0.019262,61,.,intergenic_variant
chr1,194254446,rs109733,C,T,91.54,LowDP,11,9.3e-05,9,.,intergenic_variant
chr2,142754070,.,G,A,87.9,PASS,6,0.038537,2,.,intergenic_variant
chr11,79526724,rs109758,T,A,98.16,LowQual,22,0.200508,19,.,intergenic_variant
chr3,130838547,rs109793,C,G,79.61,PASS,32,0.011295,45,.,intergenic_variant
chr9,1119817,.,C,A,83.13,PASS,27,0.016231,46,.,intergenic_variant
chr10,100645884,rs109828,A,T,85.95,PASS,51,0.037927,45,.,intergenic_variant
chr4,61448595,.,C,T,10.78,PASS,32,0.030467,32,.,intergenic_variant
chrX,139386678,.,G,A,74.7,PASS,17,0.004639,14,.,intergenic_variant
chr18,54302832,.,G,T,87.27,PASS,6,0.000327,0,.,intergenic_variant
chr14,37526802,rs109850,T,A,5.98,PASS,21,0.034277,33,.,intergenic_variant
chr1,222653847,rs109887,T,G,67.81,PASS,45,0.002497,48,.,intergenic_variant
chr2,16772469,rs109909,T,C,95.47,PASS,19,0.027862,25,.,intergenic_variant
chr8,128596073,rs109920,T,G,85.47,PASS,25,0.014934,19,.,intergenic_variant
chr3,123851076,rs109952,G,C,79.79,PASS,32,0.026143,49,.,intergenic_variant
chrX,143007513,rs109987,A,G,76.66,PASS,13,0.050667,16,.,intergenic_variant
chr2,110122943,rs110018,T,A,82.65,LowGQ,36,0.08694,43,.,intergenic_variant
chr8,1043424,rs110063,A,G,11.39,PASS,66,0.000603,51,.,intergenic_variant
chr6,8315309,.,C,T,0.0,PASS,22,0.049051,26,.,intergenic_variant
chr12,52849275,rs110071,C,T,9.79,LowDP,12,0.131233,22,.,intergenic_variant
chr2,113335161,rs110091,T,C,91.88,PASS,24,0.022318,32,.,intergenic_variant
chr7,138827364,.,C,A,90.48,LowDP,6,0.130286,16,.,intergenic_variant
chr4,86685026,.,A,G,77.94,PASS,30,0.026452,38,.,intergenic_variant
chr20,54747529,rs110133,A,T,76.54,PASS,32,0.000786,27,.,intergenic_variant
chr1,19880140,rs110167,C,T,91.57,PASS,67,0.000613,65,.,intergenic_variant
chr21,9254405,rs110171,T,C,77.78,PASS,22,0.004063,29,.,intergenic_variant
chr17,28119486,.,A,G,7.25,PASS,31,0.170798,37,.,intergenic_variant
chr5,174388404,.,A,G,85.6,LowDP,15,0.094675,23,.,intergenic_variant
chr16,36692310,.,G,T,86.24,LowQual,20,0.168013,16,.,intergenic_variant
chr1,4448389,rs110189,T,G,19.94,PASS,10,0.087526,7,.,intergenic_variant
chrX,91256644,rs110193,G,T,88.12,LowQual,22,0.016281,10,.,intergenic_variant
chr9,113033481,rs110213,C,A,93.58,PASS,20,0.027323,33,.,intergenic_variant
chr5,14823517,.,C,T,72.37,PASS,29,0.066832,40,.,intergenic_variant
chr6,167421590,.,G,T,65.89,PASS,17,0.168049,30,.,intergenic_variant
chr1,125191579,.,T,A,9.61,LowQual,26,0.090998,33,.,intergenic_variant
chrY,28473482,rs110222,A,C,79.33,PASS,20,0.03905,9,.,intergenic_variant
chr1,1594576,rs110238,C,A,100.0,PASS,20,0.154089,18,.,intergenic_variant
chr12,113906666,rs110264,T,A,100.0,LowDP,26,0.001055,32,.,intergenic_variant
chr7,68841194,.,T,A,100.0,PASS,25,0.031223,31,.,intergenic_variant
chrX,119297597,.,C,A,83.07,PASS,39,0.216706,39,.,intergenic_variant
chr4,85281075,rs110302,C,G,67.18,PASS,23,0.359802,31,.,intergenic_variant
chr9,57730161,rs110327,T,C,61.57,PASS,20,0.115499,26,.,intergenic_variant
chr8,90971013,rs110331,A,G,78.86,PASS,22,0.112224,29,.,intergenic_variant
chr13,95360378,rs110372,G,C,83.02,LowGQ,16,0.034977,18,.,intergenic_variant
chr1,223072710,.,C,T,98.01,PASS,20,0.005895,34,.,intergenic_variant
chr3,197866936,rs110417,G,A,93.68,PASS,83,0.1424,73,.,intergenic_variant
chr3,134247611,.,T,G,22.1,PASS,14,0.047934,11,.,intergenic_variant
chr14,36229951,rs110458,G,A,26.19,PASS,21,4.4e-05,21,.,intergenic_variant
chr3,9675865,.,A,C,87.27,PASS,19,0.002023,22,.,intergenic_variant
chr10,98150587,rs110496,T,G,21.25,LowDP,21,0.042596,35,.,intergenic_variant
chr3,146975539,.,A,G,76.1,PASS,20,0.003875,26,.,intergenic_variant
chr19,1398706,rs110515,T,G,75.39,PASS,29,0.159997,32,.,intergenic_variant
chrX,48540669,rs110529,A,T,87.54,PASS,9,0.185676,7,.,intergenic_variant
chr9,39766148,rs110550,T,A,91.97,PASS,46,0.337842,53,.,intergenic_variant
chr6,88703611,rs110565,A,C,88.92,LowQual,36,0.064703,34,.,intergenic_variant
chr4,23711280,rs110568,T,A,74.65,LowDP,12,0.019877,19,.,intergenic_variant
chr1,185106208,rs110605,A,G,13.28,PASS,6,0.010858,27,.,intergenic_variant
chr4,81818291,.,T,G,16.13,LowGQ,14,0.019807,25,.,intergenic_variant
chr12,107375284,rs110651,A,T,91.51,PASS,21,0.025003,14,.,intergenic_variant
chr9,105260874,.,C,G,89.26,PASS,100,0.253274,76,.,intergenic_variant
chrX,42772388,.,G,T,74.29,PASS,34,0.086546,37,.,intergenic_variant
chr6,5132870,rs110667,T,G,77.16,PASS,8,0.556072,7,.,intergenic_variant
chr13,92964206,.,A,C,91.88,LowGQ,16,0.002884,28,.,intergenic_variant
chr8,142979856,rs110681,C,G,82.65,PASS,24,0.044795,30,.,intergenic_variant
chr9,41036859,rs110690,T,A,100.0,PASS,29,0.154068,35,.,intergenic_variant
chr4,108597429,rs110737,T,C,2.8,LowQual,11,0.074098,13,.,intergenic_variant
chr8,7111906,.,T,A,90.01,PASS,23,0.049531,42,.,intergenic_variant
chr8,1037905,rs110744,G,T,80.13,LowDP,16,0.010663,46,.,intergenic_variant
chr13,5634223,rs110758,A,G,84.9,PASS,13,0.294938,18,.,intergenic_variant
chrX,123487454,rs110764,A,G,85.63,PASS,29,0.193185,36,.,intergenic_variant
chr5,83763254,.,T,A,13.93,LowGQ,39,0.006362,42,.,intergenic_variant
chr1,224492215,rs110785,T,C,77.72,PASS,41,0.041059,41,.,intergenic_variant
chr8,31326651,.,T,G,8.12,LowDP,35,0.000897,31,.,intergenic_variant
chr10,109943617,.,C,T,20.55,PASS,18,0.008018,16,.,intergenic_variant
chr3,15176260,.,T,G,75.87,LowDP,38,0.075122,31,.,intergenic_variant
chr15,91528978,.,G,A,92.01,PASS,30,0.000166,37,.,intergenic_variant
chrY,48927002,.,A,G,35.58,PASS,27,0.050471,27,.,intergenic_variant
chrX,147533431,rs110800,G,A,19.0,LowDP,17,0.016871,3,.,intergenic_variant
chr3,56232828,rs110808,T,G,93.45,PASS,18,0.065414,28,.,intergenic_variant
chr19,14932921,rs110842,C,G,91.04,LowQual,26,0.002996,30,.,intergenic_variant
chr13,29644422,rs110882,T,G,100.0,LowQual,100,0.002499,99,.,intergenic_variant
chr8,45230049,rs110883,T,C,79.58,LowQual,29,0.00036,36,.,intergenic_variant
chr9,39168491,rs110915,T,C,100.0,LowGQ,17,0.173355,12,.,intergenic_variant
chr18,38977877,rs110964,T,A,0.0,PASS,15,0.181976,4,.,intergenic_variant
chr8,138592025,.,T,C,75.99,PASS,18,0.161727,19,.,intergenic_variant
chr6,29154999,rs110969,A,T,74.87,PASS,91,0.114686,78,.,intergenic_variant
chr8,120015097,.,G,C,67.4,PASS,19,0.138234,33,.,intergenic_variant
chr10,7782635,rs110999,C,T,80.54,PASS,42,0.062739,44,.,intergenic_variant
chr3,27874387,.,T,A,79.96,PASS,20,0.045733,35,.,intergenic_variant
chr21,21767261,.,C,T,12.11,PASS,29,0.019843,23,.,intergenic_variant
chr13,32469816,rs111021,A,G,90.26,PASS,39,0.080157,49,.,intergenic_variant
chr12,95503628,rs111041,G,T,87.44,PASS,17,0.07497,29,.,intergenic_variant
chr2,104230305,rs111057,T,G,73.07,LowDP,17,0.033799,7,.,intergenic_variant
chr11,101110392,rs111064,A,G,81.07,PASS,66,0.024126,73,.,intergenic_variant
chr2,229764679,.,A,T,81.29,PASS,44,0.062708,46,.,intergenic_variant
chr1,73933329,.,G,C,67.24,LowDP,39,0.006076,44,.,intergenic_variant
chr9,95856573,rs111071,T,A,75.19,PASS,39,0.0439,34,.,intergenic_variant
chr7,86587514,rs111073,G,T,77.29,LowGQ,32,0.07109,46,.,intergenic_variant
chr11,76483452,rs111120,G,A,99.34,PASS,82,0.001189,66,.,intergenic_variant
chr2,224704522,rs111134,C,T,86.91,PASS,25,0.060404,37,.,intergenic_variant
chr7,84721439,.,C,T,15.98,PASS,35,0.073411,45,.,intergenic_variant
chr3,43735878,rs111165,G,A,91.62,LowQual,10,0.000997,10,.,intergenic_variant
chrY,18748689,rs111206,C,T,70.01,PASS,15,0.001214,38,.,intergenic_variant
chr10,33056050,rs111220,A,T,96.94,LowDP,12,0.028195,21,.,intergenic_variant
chr13,96673573,rs111225,G,A,98.01,PASS,53,0.031355,58,.,intergenic_variant
chr5,84965310,.,T,G,65.02,PASS,5,0.005591,2,.,intergenic_variant
chr2,185689818,rs111236,T,C,77.95,PASS,19,0.000978,42,.,intergenic_variant
chrX,12012273,.,A,T,89.96,PASS,4,0.014847,3,.,intergenic_variant
chr5,164227958,.,T,G,91.44,PASS,15,0.01022,30,.,intergenic_variant
chr7,17971664,rs111276,T,G,15.7,LowDP,18,0.144457,16,.,intergenic_variant
chr12,33221320,rs111281,G,A,78.22,PASS,56,0.025998,50,.,intergenic_variant
chr1,224643800,.,A,G,81.95,PASS,31,0.001191,41,.,intergenic_variant
chr17,35788701,.,G,C,79.03,PASS,15,0.019126,30,.,intergenic_variant
chr9,6442400,.,A,T,9.15,LowDP,47,0.00928,37,.,intergenic_variant
chr4,63134936,rs111310,G,A,16.96,LowGQ,25,0.000316,39,.,intergenic_variant
chr1,19380304,.,G,A,86.1,LowQual,25,0.109127,38,.,intergenic_variant
chr3,14569227,rs111321,C,G,96.97,LowGQ,12,0.172127,12,.,intergenic_variant
chr20,50325984,.,T,A,77.29,LowQual,14,0.006143,34,.,intergenic_variant
chr13,16274310,.,A,T,95.01,LowGQ,15,0.256404,10,.,intergenic_variant
chr4,12206971,rs111326,T,G,77.18,LowQual,25,0.000401,25,.,intergenic_variant
chr1,139179555,.,C,A,76.52,PASS,26,0.21964,35,.,intergenic_variant
chr13,105862945,rs111375,A,T,93.19,PASS,62,0.127987,53,.,intergenic_variant
chr10,131852306,.,C,G,5.06,PASS,31,0.081081,37,.,intergenic_variant
chr7,9672205,rs111407,T,G,7.44,PASS,5,0.022257,16,.,intergenic_variant
chr6,134213834,.,G,A,94.22,PASS,29,0.003807,32,.,intergenic_variant
chr3,167822053,rs111443,C,G,93.51,PASS,10,0.116491,25,.,intergenic_variant
chr12,90359130,.,C,T,20.17,LowGQ,14,0.158854,19,.,intergenic_variant
chrX,21849454,rs111458,G,C,71.84,PASS,15,0.029061,24,.,intergenic_variant
chr3,8734144,rs111477,T,A,80.34,LowQual,16,0.089144,32,.,intergenic_variant
chr11,40125953,rs111499,C,T,93.23,LowQual,11,0.495372,25,.,intergenic_variant
chr7,129231065,.,T,G,85.42,LowGQ,28,0.147588,39,.,intergenic_variant
chr7,140278026,rs111533,G,C,74.26,LowGQ,11,0.002688,10,.,intergenic_variant
chr4,186772231,rs111550,A,T,89.58,LowQual,30,0.026916,38,.,intergenic_variant
chr17,46210872,rs111562,C,T,77.85,PASS,94,0.018663,78,.,intergenic_variant
chr8,68023973,.,T,G,100.0,PASS,11,0.180796,9,.,intergenic_variant
chr10,99316125,rs111587,G,T,100.0,PASS,21,0.011873,26,.,intergenic_variant
chr5,19161489,rs111604,G,A,91.04,LowQual,5,0.17346,7,.,intergenic_variant
chr3,28132052,rs111614,C,T,6.87,LowDP,20,0.194941,32,.,intergenic_variant
chr2,187369754,rs111642,A,G,98.61,LowQual,36,0.019131,45,.,intergenic_variant
chr14,1418352,rs111660,C,A,85.65,PASS,38,0.000672,25,.,intergenic_variant
chr3,4917971,rs111678,T,C,92.65,PASS,26,0.136252,24,.,intergenic_variant
chr13,3726714,.,G,C,99.78,PASS,42,0.237297,32,.,intergenic_variant
chr6,167952277,.,A,G,87.45,PASS,100,0.012091,86,.,intergenic_variant
chr7,21825462,rs111723,T,A,82.45,PASS,69,0.033834,69,.,intergenic_variant
chr8,97907235,rs111755,C,A,67.95,PASS,18,0.010843,22,.,intergenic_variant
chr6,126124303,.,G,A,84.17,LowDP,10,0.09522,13,.,intergenic_variant
chr2,160612289,rs111769,C,T,93.23,PASS,19,0.178451,36,.,intergenic_variant
chr5,82254361,.,A,G,94.46,PASS,14,0.000151,3,.,intergenic_variant
chr12,67831018,rs111785,A,C,90.04,LowGQ,32,0.319199,45,.,intergenic_variant
chr12,28778555,rs111803,A,G,79.59,PASS,12,0.064068,15,.,intergenic_variant
chr5,3446011,rs111819,A,C,65.23,PASS,23,0.009044,28,.,intergenic_variant
chr8,49215311,.,A,C,80.05,PASS,41,0.014463,39,.,intergenic_variant
chr3,115241046,rs111836,C,A,81.96,PASS,23,0.018583,41,.,intergenic_variant
chr3,107979142,rs111843,A,G,81.87,PASS,14,0.04581,11,.,intergenic_variant
chr1,19346612,rs111855,A,T,91.19,PASS,50,0.024453,50,.,intergenic_variant
chr20,3332952,.,G,A,100.0,PASS,8,0.164747,21,.,intergenic_variant
chr3,61714581,.,A,C,86.24,PASS,20,0.035612,13,.,intergenic_variant
chr4,114930247,rs111889,G,A,82.83,PASS,24,0.052554,22,.,intergenic_variant
chr4,50469629,rs111899,G,T,82.41,LowDP,25,0.016148,29,.,intergenic_variant
chr2,119941725,.,G,C,19.31,PASS,27,0.04548,25,.,intergenic_variant
chr12,74238208,rs111904,C,G,4.04,LowDP,35,0.120513,31,.,intergenic_variant
chr1,147821310,rs111925,C,G,86.24,PASS,24,0.033749,26,.,intergenic_variant
chr2,22612832,rs111928,T,C,76.72,PASS,20,0.083521,31,.,intergenic_variant
chr12,72033056,.,T,A,86.2,LowQual,19,0.078108,22,.,intergenic_variant
chr5,13970741,rs111947,G,T,89.51,PASS,17,0.181813,32,.,intergenic_variant
chr13,65447995,.,C,A,87.1,PASS,39,0.130989,33,.,intergenic_variant
chr10,12809214,rs111992,A,T,89.58,PASS,17,0.378129,14,.,intergenic_variant
chr4,183409733,rs112036,T,C,29.12,PASS,41,1.2e-05,58,.,intergenic_variant
chr12,34379198,.,C,T,89.34,LowQual,25,0.024273,25,.,intergenic_variant
chr2,17684868,rs112071,A,C,67.28,LowDP,18,0.111376,14,.,intergenic_variant
chr9,118790930,rs112077,A,C,91.37,PASS,36,0.005194,25,.,intergenic_variant
chr7,22824163,.,C,G,78.29,PASS,16,0.17049,31,.,intergenic_variant
chr4,97380945,.,T,A,8.81,PASS,36,0.030684,36,.,intergenic_variant
chr11,66871282,.,C,A,13.21,LowGQ,28,0.051331,30,.,intergenic_variant
chr19,23479922,.,T,G,17.64,LowDP,17,0.052401,22,.,intergenic_variant
chrY,17767608,.,G,A,74.04,LowDP,34,0.000835,45,.,intergenic_variant
chr11,104912664,rs112091,C,G,73.96,PASS,34,0.024705,36,.,intergenic_variant
chr7,157830029,rs112095,C,G,89.34,LowQual,49,0.00294,68,.,intergenic_variant
chr4,67695934,.,T,A,82.77,PASS,44,0.019546,46,.,intergenic_variant
chr4,87833142,rs112140,T,C,68.18,PASS,33,0.013734,45,.,intergenic_variant
chr8,122989861,.,C,T,89.78,LowGQ,12,0.25701,26,.,intergenic_variant
chr6,121856485,.,A,T,70.6,PASS,100,0.094544,90,.,intergenic_variant
chr21,40140675,rs112158,A,C,86.4,LowGQ,11,0.001188,14,.,intergenic_variant
chr6,164093375,.,A,C,87.38,PASS,43,0.018245,47,.,intergenic_variant
chr6,67658531,rs112187,G,T,93.86,LowQual,32,0.000445,40,.,intergenic_variant
chr6,123045598,rs112222,G,C,100.0,PASS,12,0.009671,15,.,intergenic_variant
chr18,45827858,.,T,A,71.35,PASS,23,0.01452,30,.,intergenic_variant
chr12,71891834,rs112260,G,A,84.48,PASS,23,0.163989,38,.,intergenic_variant
chr11,7794088,rs112276,A,G,82.24,PASS,54,0.015073,70,.,intergenic_variant
chr5,21587591,rs112296,C,A,89.34,PASS,16,0.00425,30,.,intergenic_variant
chr17,65090056,.,G,C,10.48,PASS,21,0.288491,42,.,intergenic_variant
chr1,186991744,.,G,C,87.16,PASS,6,0.019724,10,.,intergenic_variant
chr19,30283125,.,A,G,81.47,PASS,69,0.001407,71,.,intergenic_variant
chr9,99211832,.,G,C,80.59,PASS,13,0.000101,31,.,intergenic_variant
chr6,165445179,rs112320,T,C,16.15,PASS,30,0.215664,27,.,intergenic_variant
chr9,36093498,.,C,T,73.84,LowQual,23,0.023193,25,.,intergenic_variant
chr12,113840780,.,A,G,94.88,LowDP,23,0.018856,42,.,intergenic_variant
chr1,94431408,rs112355,T,G,89.59,PASS,40,0.061955,34,.,intergenic_variant
chr19,14989215,rs112399,A,G,94.18,PASS,67,0.040084,53,.,intergenic_variant
chr7,18803308,.,T,A,81.9,LowQual,29,0.059304,45,.,intergenic_variant
chr5,31695059,.,C,T,78.43,PASS,36,0.079008,48,.,intergenic_variant
chr2,59910591,.,C,A,19.6,PASS,30,0.010812,37,.,intergenic_variant
chr7,146707018,.,T,C,22.68,PASS,45,0.075239,46,.,intergenic_variant
chr8,137949351,rs112418,T,C,74.22,PASS,19,0.110898,22,.,intergenic_variant
chr7,13595881,.,T,A,88.59,PASS,47,0.052146,50,.,intergenic_variant
chr13,36642119,rs112422,T,C,74.6,PASS,48,0.781623,61,.,intergenic_variant
chr7,954228,rs112455,T,A,21.33,PASS,47,0.269772,50,.,intergenic_variant
chrX,128742582,.,T,C,100.0,PASS,17,0.006859,41,.,intergenic_variant
chr11,12832378,rs112457,C,G,13.63,PASS,22,0.024773,20,.,intergenic_variant
chr16,61041998,.,T,G,71.92,PASS,28,0.002218,32,.,intergenic_variant
chr2,30691271,rs112470,G,A,87.74,PASS,11,0.025687,16,.,intergenic_variant
chr6,37626909,rs112515,C,G,13.83,PASS,64,0.106453,53,.,intergenic_variant
chr5,113541834,rs112545,A,C,100.0,LowDP,24,0.270106,28,.,intergenic_variant
chr10,45964381,rs112579,C,T,90.99,PASS,29,0.021153,37,.,intergenic_variant
chr19,21605193,rs112609,A,C,86.76,PASS,17,0.349919,28,.,intergenic_variant
chr1,104061796,rs112633,A,T,75.32,PASS,11,0.006041,36,.,intergenic_variant
chr1,234939056,.,G,A,71.18,PASS,17,0.000457,27,.,intergenic_variant
chr18,31334730,rs112681,T,A,92.7,PASS,28,0.005421,42,.,intergenic_variant
chr3,41813715,rs112725,T,G,100.0,PASS,37,0.005715,40,.,intergenic_variant
chr12,10306744,rs112758,C,G,33.79,LowDP,27,0.07413,45,.,intergenic_variant
chr10,69560415,.,T,C,22.6,PASS,30,0.436533,53,.,intergenic_variant
chr17,69190417,rs112799,G,C,80.61,LowDP,20,0.02165,30,.,intergenic_variant
chr2,99158665,.,C,A,73.61,PASS,33,0.287083,28,.,intergenic_variant
chr2,198848237,.,C,A,60.42,LowGQ,60,0.000392,54,.,intergenic_variant
chr10,113588577,rs112848,C,G,75.19,LowQual,37,0.043153,42,.,intergenic_variant
chrX,99029933,rs112858,T,A,83.86,LowGQ,40,0.052896,46,.,intergenic_variant
chr7,107974279,.,T,A,7.63,PASS,29,0.036659,39,.,intergenic_variant
chr5,152173587,.,T,C,15.8,PASS,10,0.052925,22,.,intergenic_variant
chr11,72490727,.,C,T,100.0,LowQual,13,0.181764,20,.,intergenic_variant
chr22,41534066,rs112876,C,A,91.73,LowDP,32,0.519057,31,.,intergenic_variant
chr18,66993651,rs112895,A,C,88.05,LowGQ,24,0.126334,32,.,intergenic_variant
chrY,15233163,rs112902,A,C,81.0,PASS,32,0.113242,50,.,intergenic_variant
chr1,11030141,rs112921,T,A,79.17,LowQual,67,0.199792,72,.,intergenic_variant
chr2,16210636,rs112945,C,T,99.06,PASS,38,0.165058,45,.,intergenic_variant
chr11,121552445,.,T,C,87.01,PASS,52,0.728919,60,.,intergenic_variant
chr17,77128442,rs112960,T,A,63.97,PASS,26,0.114056,28,.,intergenic_variant
chr5,51584525,.,A,G,12.32,PASS,15,0.012687,18,.,intergenic_variant
chr4,96759692,.,G,A,78.26,LowGQ,24,0.292231,23,.,intergenic_variant
chr16,44636415,rs113001,T,G,76.42,PASS,15,0.028965,21,.,intergenic_variant
chr1,41491541,.,G,C,79.54,PASS,62,0.217048,56,.,intergenic_variant
chr6,137178570,rs113043,G,T,13.92,PASS,39,0.060131,51,.,intergenic_variant
chr9,24522290,.,C,A,90.63,PASS,34,0.000995,33,.,intergenic_variant
chr10,14115492,rs113066,C,T,83.93,PASS,51,0.04257,44,.,intergenic_variant
chr14,36147292,rs113070,T,G,5.16,PASS,7,0.00194,31,.,intergenic_variant
chr6,132275800,.,A,C,84.23,PASS,35,0.263364,34,.,intergenic_variant
chr11,7992389,rs113108,A,C,98.13,LowQual,11,0.624821,20,.,intergenic_variant
chr10,89653285,.,T,C,78.04,LowGQ,24,0.008917,33,.,intergenic_variant
chr10,91582205,rs113112,T,A,11.7,PASS,20,0.12963,17,.,intergenic_variant
chr12,102582012,rs113117,A,G,100.0,PASS,36,0.001358,49,.,intergenic_variant
chr4,124295308,rs113158,G,T,29.49,PASS,28,0.105878,37,.,intergenic_variant
chr2,75988986,rs113202,T,G,78.29,LowQual,55,0.069879,66,.,intergenic_variant
chr2,237058915,rs113225,G,C,85.89,PASS,17,0.01629,18,.,intergenic_variant
chr4,80027517,.,T,A,82.19,PASS,38,0.180081,41,.,intergenic_variant
chr9,83421864,.,T,A,86.23,PASS,27,0.029087,32,.,intergenic_variant
chr18,46267958,.,G,T,89.45,LowGQ,9,0.095491,19,.,intergenic_variant
chr13,87061682,.,G,C,89.34,PASS,14,0.000673,10,.,intergenic_variant
chr16,68849449,rs113265,A,T,77.47,PASS,22,0.076481,28,.,intergenic_variant
chr6,87103277,.,T,G,73.77,LowGQ,48,0.073276,37,.,intergenic_variant
chr7,38805641,rs113302,C,A,19.63,PASS,32,0.019,38,.,intergenic_variant
chr6,58857662,.,C,G,100.0,LowQual,12,0.289644,3,.,intergenic_variant
chr3,90953344,rs113313,T,G,0.0,PASS,23,0.008099,14,.,intergenic_variant
chr1,226613590,.,T,A,80.16,LowGQ,82,0.000393,82,.,intergenic_variant
chr11,117487151,.,T,G,24.73,PASS,26,0.032881,26,.,intergenic_variant
chrY,38998988,.,G,T,23.72,LowDP,20,0.012901,18,.,intergenic_variant
chr3,101825793,.,C,A,91.99,PASS,33,0.001784,47,.,intergenic_variant
chr1,58568492,.,C,A,12.13,LowQual,39,0.176175,44,.,intergenic_variant
chr16,61227670,.,C,G,68.92,PASS,19,0.010279,32,.,intergenic_variant
chr4,108439315,rs113324,T,G,20.74,PASS,33,0.020683,35,.,intergenic_variant
chr17,35659472,rs113337,G,C,8.12,LowQual,20,0.000178,47,.,intergenic_variant
chr13,52396447,rs113351,T,A,82.2,PASS,38,0.206867,36,.,intergenic_variant
chrX,36674243,rs113359,A,C,83.73,PASS,27,0.21854,46,.,intergenic_variant
chr7,88796754,rs113384,A,T,89.73,PASS,33,0.173644,36,.,intergenic_variant
chr12,64237210,rs113402,C,G,57.78,LowQual,16,0.010361,10,.,intergenic_variant
chr8,125287053,rs113446,T,C,86.66,PASS,15,0.17406,26,.,intergenic_variant
chr12,70881082,.,A,T,73.5,LowDP,43,0.001638,47,.,intergenic_variant
chr7,35582275,.,A,T,88.24,PASS,23,0.03172,20,.,intergenic_variant
chr3,89098362,rs113490,T,C,11.24,PASS,29,0.007004,26,.,intergenic_variant
chr9,27553667,rs113508,G,A,74.64,PASS,20,0.014886,26,.,intergenic_variant
chr9,69415513,rs113518,T,A,26.99,PASS,42,0.017759,46,.,intergenic_variant
chr17,67103290,rs113525,T,G,12.83,PASS,17,0.132477,4,.,intergenic_variant
chr14,60196332,.,G,C,76.45,PASS,23,0.103486,37,.,intergenic_variant
chr12,120144447,rs113569,C,G,82.26,PASS,39,0.25273,37,.,intergenic_variant
chr2,184240948,rs113583,C,G,74.48,LowGQ,50,0.00478,39,.,intergenic_variant
chr14,25474535,.,C,A,80.24,PASS,18,0.404602,32,.,intergenic_variant
chr9,37458302,.,G,A,73.07,PASS,80,0.319822,74,.,intergenic_variant
chr20,55702808,rs113598,A,G,66.67,PASS,30,0.02179,44,.,intergenic_variant
chr22,12664904,.,G,C,0.04,PASS,13,0.050518,24,.,intergenic_variant
chr1,187001353,rs113614,T,G,95.18,PASS,31,0.112298,35,.,intergenic_variant
chr17,16018798,rs113616,G,T,72.04,PASS,19,0.044738,24,.,intergenic_variant
chr1,103861157,rs113646,A,G,83.21,LowQual,32,0.029584,39,.,intergenic_variant
chr6,10740830,rs113676,A,G,14.49,PASS,24,0.23879,26,.,intergenic_variant
chr9,100619637,rs113694,T,A,14.37,PASS,26,0.190139,24,.,intergenic_variant
chr2,55011667,rs113725,C,G,24.59,PASS,14,0.000108,26,.,intergenic_variant
chr15,69889461,.,A,T,92.53,PASS,44,0.443487,44,.,intergenic_variant
chr1,4040016,.,A,C,78.85,PASS,12,0.095529,20,.,intergenic_variant
chr3,71979672,rs113769,A,T,15.11,PASS,13,0.014308,29,.,intergenic_variant
chr10,120677868,rs113817,T,G,76.75,PASS,31,0.000556,34,.,intergenic_variant
chr14,87963492,.,A,C,87.26,PASS,64,0.049627,61,.,intergenic_variant
chr22,49210727,rs113830,C,T,96.18,LowQual,20,0.01682,21,.,intergenic_variant
chr13,74065903,.,T,C,73.31,PASS,37,0.022611,43,.,intergenic_variant
chr12,110029374,.,C,T,83.5,PASS,47,0.304594,50,.,intergenic_variant
chr6,7356149,rs113850,A,C,67.68,PASS,40,0.031891,49,.,intergenic_variant
chr1,243976045,rs113899,A,C,81.07,PASS,20,0.012105,21,.,intergenic_variant
chr2,16304298,rs113934,C,A,85.34,PASS,13,0.489405,17,.,intergenic_variant
chr9,100504253,rs113957,T,G,76.45,PASS,7,0.110085,22,.,intergenic_variant
chr13,107188735,rs113999,T,C,80.43,LowQual,21,0.115945,29,.,intergenic_variant
chr7,148587780,.,C,A,70.92,PASS,50,0.024463,43,.,intergenic_variant
chr14,14885448,rs114032,A,G,85.77,PASS,12,0.321757,30,.,intergenic_variant
chr9,98089489,rs114070,G,A,95.56,PASS,37,0.12111,26,.,intergenic_variant
chr1,107886450,rs114105,C,G,74.03,PASS,14,0.05817,27,.,intergenic_variant
chr3,195246421,rs114141,C,G,78.77,PASS,26,0.00259,21,.,intergenic_variant
chr18,16414777,rs114161,C,G,90.03,PASS,38,0.013335,55,.,intergenic_variant
chr14,57059546,rs114164,A,C,97.12,PASS,17,0.208275,11,.,intergenic_variant
chr20,38988395,rs114172,T,G,11.63,PASS,27,0.072928,41,.,intergenic_variant
chr2,165888816,.,A,T,70.07,PASS,19,0.0352,25,.,intergenic_variant
chrY,32702380,rs114212,C,T,83.31,LowDP,37,0.068937,37,.,intergenic_variant
chr3,114575824,.,A,G,87.83,PASS,28,0.000866,34,.,intergenic_variant
chr1,129958135,rs114244,A,C,23.36,PASS,25,0.000824,35,.,intergenic_variant
chrY,53367514,rs114273,C,G,83.98,LowQual,62,0.026001,52,.,intergenic_variant
chr4,131307893,rs114280,A,C,60.23,LowDP,37,5e-06,33,.,intergenic_variant
chr12,20660641,.,G,C,90.01,LowDP,16,0.094754,28,.,intergenic_variant
chr3,12825631,rs114282,A,C,100.0,PASS,23,0.047381,15,.,intergenic_variant
chr10,59437424,rs114303,A,C,86.17,LowDP,23,0.143578,24,.,intergenic_variant
chr21,6766700,rs114309,T,A,74.69,PASS,26,0.060559,55,.,intergenic_variant
chr5,130392903,rs114337,T,C,79.87,PASS,100,0.06265,82,.,intergenic_variant
chr12,18502050,rs114385,C,T,100.0,PASS,31,0.140028,44,.,intergenic_variant
chr3,92862060,.,C,G,15.97,LowQual,7,0.167116,11,.,intergenic_variant
chr11,75302286,rs114427,T,C,94.1,PASS,18,0.071132,28,.,intergenic_variant
chr5,106528016,.,G,A,91.4,PASS,8,0.036258,22,.,intergenic_variant
chr3,92937332,rs114463,A,C,9.0,PASS,20,0.001224,35,.,intergenic_variant
chr5,171536201,.,G,T,24.24,PASS,7,0.018472,14,.,intergenic_variant
chr3,53992529,.,G,T,16.55,LowDP,15,0.215071,38,.,intergenic_variant
chr21,42150668,rs114495,T,A,15.02,PASS,10,0.004704,13,.,intergenic_variant
chr6,89668736,.,C,T,16.42,PASS,31,0.001284,37,.,intergenic_variant
chr4,20423494,.,A,T,88.56,LowQual,25,0.263542,32,.,intergenic_variant
chr7,152587155,rs114540,C,A,6.43,PASS,29,0.022737,24,.,intergenic_variant
chr5,137136363,rs114582,G,C,10.78,PASS,23,0.327606,26,.,intergenic_variant
chr14,73671209,.,G,T,78.39,LowQual,11,0.05804,20,.,intergenic_variant
chrX,132538549,rs114628,C,A,82.99,LowGQ,33,0.112254,33,.,intergenic_variant
chr7,141619357,rs114637,C,T,15.03,LowDP,78,9e-05,92,.,intergenic_variant
chr19,20661702,.,T,G,84.22,PASS,31,0.001115,28,.,intergenic_variant
chr10,119431739,rs114648,C,A,13.44,PASS,19,0.023563,35,.,intergenic_variant
chr2,144036697,.,C,T,90.5,PASS,10,0.002015,25,.,intergenic_variant
chr13,829120,.,T,G,100.0,PASS,14,0.195317,21,.,intergenic_variant
chr9,132297752,.,C,T,96.18,PASS,32,0.143654,29,.,intergenic_variant
chr12,32658905,rs114671,G,C,70.81,PASS,47,0.003983,41,.,intergenic_variant
chr20,10286480,rs114682,C,G,87.24,LowDP,29,0.172744,29,.,intergenic_variant
chr7,44434000,rs114731,A,T,92.37,PASS,40,0.023211,28,.,intergenic_variant
chr21,1054854,rs114733,G,A,91.19,PASS,38,0.016204,32,.,intergenic_variant
chr15,5042597,rs114736,T,G,78.71,PASS,33,0.006939,25,.,intergenic_variant
chr8,73533653,rs114747,G,T,100.0,PASS,17,0.003128,34,.,intergenic_variant
chr11,70495108,rs114782,T,C,72.23,LowGQ,27,0.060889,37,.,intergenic_variant
chr5,58456546,rs114797,A,G,74.17,PASS,15,0.327403,28,.,intergenic_variant
chrY,43712860,.,A,G,87.34,PASS,25,0.001624,35,.,intergenic_variant
chr12,42229926,.,G,T,100.0,PASS,30,0.00609,35,.,intergenic_variant
chr1,130405289,.,C,T,76.64,PASS,67,0.080821,75,.,intergenic_variant
chr5,171217244,.,G,A,82.34,PASS,11,0.148275,14,.,intergenic_variant
chr11,48669255,rs114840,G,T,95.77,LowQual,33,0.024823,37,.,intergenic_variant
chr1,217324246,.,A,T,84.82,PASS,60,0.007629,64,.,intergenic_variant
chr1,1535411,.,T,C,25.18,PASS,39,0.03054,31,.,intergenic_variant
chr8,134567489,rs114851,G,C,16.74,PASS,40,0.024835,67,.,intergenic_variant
chr5,165608669,rs114882,C,G,21.84,LowQual,35,0.041676,38,.,intergenic_variant
chr7,7490527,rs114910,A,G,81.65,LowQual,53,0.133978,54,.,intergenic_variant
chr4,94014238,rs114938,G,C,90.66,PASS,13,0.266758,30,.,intergenic_variant
chr3,194174649,rs114970,G,A,87.73,PASS,11,0.072621,26,.,intergenic_variant
chr13,106490575,rs114995,C,A,95.3,LowDP,24,0.016237,30,.,intergenic_variant
chr9,78327907,.,G,A,15.08,LowQual,7,0.012517,17,.,intergenic_variant
chr3,134513906,rs115015,G,C,97.91,LowQual,51,0.075449,39,.,intergenic_variant
chr5,56406174,rs115043,G,C,88.07,LowQual,51,0.011111,46,.,intergenic_variant
chr11,117453451,.,G,C,87.92,PASS,19,0.049974,29,.,intergenic_variant
