call_id,sample_id,call_date,caller,filter_status
1,87,2023-12-29,Strelka2,PASS
2,403,2022-03-14,Mutect2,PASS
3,431,2020-12-05,DeepVariant,Artifact
4,376,2020-09-28,Mutect2,LowQuality
5,229,2021-02-16,Strelka2,LowQuality
6,283,2022-09-07,DeepVariant,Artifact
7,311,2023-09-15,Strelka2,PASS
8,457,2023-10-25,DeepVariant,PASS
9,376,2021-02-26,GATK,Artifact
10,39,2023-06-21,GATK,Contamination
11,297,2022-04-11,DeepVariant,PASS
12,283,2022-11-24,Mutect2,Artifact
13,397,2021-12-04,Strelka2,LowQuality
14,115,2024-06-21,Strelka2,PASS
15,238,2021-09-07,GATK,LowQuality
16,187,2024-02-24,GATK,Artifact
17,123,2023-12-21,DeepVariant,Contamination
18,72,2024-05-23,DeepVariant,PASS
19,290,2021-11-23,DeepVariant,Artifact
20,375,2022-02-17,Strelka2,PASS
21,113,2022-09-06,DeepVariant,PASS
22,136,2022-06-17,DeepVariant,PASS
23,343,2020-05-19,Strelka2,LowQuality
24,241,2022-04-24,GATK,PASS
25,333,2023-08-07,GATK,Artifact
26,496,2023-06-11,Strelka2,Artifact
27,135,2021-02-25,DeepVariant,LowQuality
28,335,2024-01-06,Strelka2,Contamination
29,335,2023-08-05,Strelka2,LowQuality
30,499,2022-03-07,Mutect2,PASS
31,419,2023-11-17,Mutect2,LowQuality
32,455,2021-10-31,GATK,Contamination
33,452,2023-03-02,Mutect2,PASS
34,118,2022-08-29,Strelka2,PASS
35,77,2023-12-01,DeepVariant,PASS
36,309,2023-05-07,DeepVariant,LowQuality
37,416,2020-07-23,GATK,LowQuality
38,346,2024-02-15,Mutect2,PASS
39,303,2023-07-24,Mutect2,PASS
40,125,2020-01-23,DeepVariant,Contamination
41,304,2022-07-21,DeepVariant,Artifact
42,263,2021-07-13,DeepVariant,PASS
43,86,2021-03-28,DeepVariant,Contamination
44,491,2021-06-12,GATK,Artifact
45,373,2023-11-22,Strelka2,PASS
46,111,2024-02-16,Mutect2,LowQuality
47,88,2022-05-05,Mutect2,Contamination
48,74,2022-01-27,DeepVariant,Contamination
49,338,2023-12-24,Strelka2,PASS
50,371,2023-02-11,Strelka2,LowQuality
51,306,2021-05-03,GATK,PASS
52,194,2024-03-24,DeepVariant,PASS
53,9,2021-12-20,Mutect2,PASS
54,311,2023-09-23,DeepVariant,LowQuality
55,462,2022-01-01,GATK,Contamination
56,258,2021-01-06,GATK,LowQuality
57,338,2023-06-12,GATK,Artifact
58,333,2023-10-01,Mutect2,PASS
59,448,2022-01-28,Mutect2,PASS
60,481,2022-03-12,Mutect2,PASS
61,302,2023-02-26,GATK,LowQuality
62,69,2021-08-13,Mutect2,PASS
63,466,2020-09-01,Strelka2,Contamination
64,449,2024-01-30,Mutect2,PASS
65,97,2023-12-27,GATK,Contamination
66,268,2024-02-10,GATK,LowQuality
67,336,2023-09-20,Strelka2,LowQuality
68,186,2021-07-03,DeepVariant,LowQuality
69,334,2021-04-01,Strelka2,PASS
70,438,2024-02-21,Mutect2,Contamination
71,188,2021-11-07,Strelka2,Artifact
72,204,2020-12-12,Mutect2,Contamination
73,402,2021-08-20,Mutect2,PASS
74,190,2022-07-29,Mutect2,PASS
75,158,2023-02-27,Strelka2,Artifact
76,204,2020-11-08,GATK,Artifact
77,118,2023-03-06,DeepVariant,PASS
78,110,2024-07-10,Mutect2,PASS
79,411,2024-01-15,GATK,PASS
80,200,2024-03-25,GATK,PASS
81,422,2022-09-20,Mutect2,Contamination
82,223,2022-04-16,GATK,PASS
83,114,2021-03-25,GATK,Contamination
84,20,2020-07-24,Mutect2,Contamination
85,336,2024-02-28,Strelka2,Artifact
86,494,2020-12-13,GATK,PASS
87,328,2024-05-30,Mutect2,PASS
88,104,2023-01-24,Strelka2,PASS
89,18,2023-03-12,DeepVariant,Contamination
90,87,2024-12-06,GATK,PASS
91,123,2024-01-11,GATK,PASS
92,45,2020-09-14,Mutect2,PASS
93,343,2020-08-24,Mutect2,Contamination
94,103,2023-06-14,GATK,Artifact
95,361,2023-01-03,GATK,Contamination
96,146,2021-08-18,Strelka2,PASS
97,494,2020-07-02,DeepVariant,Contamination
98,494,2020-05-21,Mutect2,LowQuality
99,295,2022-12-20,Strelka2,PASS
100,209,2022-03-23,GATK,Contamination
101,38,2023-03-06,Strelka2,PASS
102,485,2023-07-29,Strelka2,Contamination
103,417,2021-10-13,Strelka2,Artifact
104,227,2022-07-16,Mutect2,PASS
105,388,2022-02-25,Mutect2,Artifact
106,236,2021-04-20,GATK,LowQuality
107,60,2021-11-17,GATK,LowQuality
108,325,2020-05-28,DeepVariant,PASS
109,212,2023-08-17,GATK,Artifact
110,427,2022-12-27,DeepVariant,PASS
111,48,2021-09-01,Strelka2,PASS
112,284,2021-04-21,Mutect2,PASS
113,182,2022-12-30,Strelka2,PASS
114,485,2024-05-14,DeepVariant,LowQuality
115,378,2021-08-07,DeepVariant,Artifact
116,124,2022-06-28,DeepVariant,PASS
117,104,2022-06-29,Strelka2,PASS
118,399,2022-10-06,GATK,PASS
119,347,2024-10-16,Mutect2,Contamination
120,4,2021-08-25,GATK,LowQuality
121,191,2022-07-21,Strelka2,LowQuality
122,460,2021-11-25,Strelka2,LowQuality
123,94,2022-05-27,Strelka2,LowQuality
124,114,2021-07-09,DeepVariant,PASS
125,270,2020-08-15,Mutect2,Contamination
126,17,2021-08-01,Strelka2,LowQuality
127,441,2023-08-18,DeepVariant,LowQuality
128,500,2020-09-04,Mutect2,PASS
129,353,2023-10-07,GATK,Artifact
130,108,2022-04-08,GATK,PASS
131,186,2022-03-19,Strelka2,PASS
132,281,2023-03-27,DeepVariant,PASS
133,242,2023-03-11,Strelka2,PASS
134,95,2020-12-13,Mutect2,PASS
135,215,2024-10-21,Strelka2,PASS
136,438,2023-12-14,Strelka2,LowQuality
137,93,2023-12-19,DeepVariant,Contamination
138,352,2022-06-18,GATK,Artifact
139,139,2023-05-23,Mutect2,LowQuality
140,101,2020-03-31,DeepVariant,LowQuality
141,413,2022-09-13,DeepVariant,LowQuality
142,256,2024-03-02,Strelka2,LowQuality
143,154,2022-06-02,GATK,LowQuality
144,51,2022-06-12,DeepVariant,PASS
145,111,2023-11-09,Mutect2,Artifact
146,50,2022-02-01,Strelka2,PASS
147,185,2022-02-10,Strelka2,PASS
148,11,2021-06-13,GATK,PASS
149,445,2024-07-06,DeepVariant,Contamination
150,295,2023-11-15,DeepVariant,PASS
151,182,2023-02-23,Mutect2,Artifact
152,229,2020-09-26,Mutect2,Contamination
153,147,2022-10-21,DeepVariant,PASS
154,328,2024-03-10,Mutect2,Artifact
155,314,2021-03-18,Mutect2,PASS
156,41,2023-01-15,Strelka2,PASS
157,161,2020-09-22,Strelka2,Artifact
158,137,2021-02-14,Mutect2,PASS
159,455,2021-08-10,Strelka2,Artifact
160,301,2024-05-04,Mutect2,LowQuality
161,86,2021-02-18,GATK,PASS
162,373,2023-04-18,Strelka2,Artifact
163,359,2020-07-17,DeepVariant,PASS
164,204,2020-10-21,GATK,PASS
165,480,2023-09-21,GATK,PASS
166,395,2020-07-22,GATK,PASS
167,135,2021-03-17,DeepVariant,PASS
168,336,2023-12-23,Strelka2,PASS
169,127,2020-06-22,Mutect2,Artifact
170,65,2023-07-21,DeepVariant,PASS
171,18,2023-04-14,Strelka2,PASS
172,443,2023-01-17,Mutect2,Contamination
173,479,2023-10-21,Mutect2,PASS
174,497,2022-08-05,DeepVariant,Contamination
175,306,2021-02-23,Mutect2,Contamination
176,328,2024-08-12,Strelka2,PASS
177,247,2021-09-16,DeepVariant,PASS
178,227,2022-06-10,Strelka2,LowQuality
179,134,2024-01-01,Strelka2,PASS
180,1,2023-04-15,DeepVariant,PASS
181,147,2022-10-24,GATK,Artifact
182,473,2022-05-08,Mutect2,PASS
183,5,2023-07-19,Strelka2,Contamination
184,119,2022-06-11,Strelka2,PASS
185,211,2021-11-05,Mutect2,LowQuality
186,128,2023-12-10,Mutect2,LowQuality
187,113,2022-05-14,GATK,LowQuality
188,321,2023-10-16,Strelka2,PASS
189,333,2023-11-22,Strelka2,LowQuality
190,97,2024-01-29,DeepVariant,PASS
191,149,2020-12-15,Mutect2,Contamination
192,232,2021-02-14,Mutect2,PASS
193,165,2023-06-18,DeepVariant,PASS
194,497,2022-05-13,GATK,PASS
195,498,2020-10-19,Strelka2,PASS
196,65,2023-12-25,GATK,PASS
197,47,2020-08-12,GATK,LowQuality
198,112,2021-07-13,Mutect2,PASS
199,403,2022-08-03,Strelka2,LowQuality
200,357,2023-11-22,Strelka2,PASS
201,432,2021-11-25,GATK,PASS
202,398,2022-11-12,GATK,Contamination
203,241,2021-12-05,DeepVariant,PASS
204,419,2023-12-06,GATK,PASS
205,499,2022-11-13,DeepVariant,LowQuality
206,395,2020-08-14,DeepVariant,Artifact
207,18,2022-08-19,Mutect2,Artifact
208,395,2020-02-18,DeepVariant,LowQuality
209,200,2024-04-17,Strelka2,PASS
210,82,2021-12-06,GATK,Artifact
211,480,2023-10-30,GATK,PASS
212,247,2021-11-05,Strelka2,PASS
213,185,2021-09-05,DeepVariant,PASS
214,121,2023-12-08,Mutect2,PASS
215,8,2020-07-30,Strelka2,Contamination
216,62,2023-02-10,DeepVariant,PASS
217,497,2021-09-03,Mutect2,Artifact
218,306,2020-09-22,Strelka2,PASS
219,128,2023-12-07,Mutect2,PASS
220,352,2023-01-03,Strelka2,Artifact
221,31,2023-04-23,Strelka2,Artifact
222,79,2022-01-15,GATK,PASS
223,250,2021-07-10,Strelka2,Contamination
224,404,2024-07-03,Strelka2,LowQuality
225,376,2020-07-19,GATK,Artifact
226,194,2024-03-10,DeepVariant,PASS
227,461,2020-05-13,Mutect2,Artifact
228,225,2021-01-04,Strelka2,Contamination
229,357,2024-07-13,DeepVariant,Contamination
230,96,2022-04-15,Strelka2,PASS
231,375,2022-02-09,Strelka2,Contamination
232,469,2023-08-07,DeepVariant,PASS
233,272,2021-05-31,Mutect2,PASS
234,420,2020-08-28,Strelka2,LowQuality
235,1,2023-06-13,Mutect2,Artifact
236,95,2020-04-11,Strelka2,Contamination
237,123,2023-07-24,GATK,Artifact
238,496,2023-06-20,Mutect2,PASS
239,269,2023-07-27,Mutect2,Contamination
240,79,2021-11-30,Strelka2,PASS
241,210,2024-11-01,Strelka2,PASS
242,50,2022-03-10,GATK,PASS
243,428,2020-03-15,DeepVariant,PASS
244,104,2022-04-17,Mutect2,PASS
245,51,2021-07-10,Mutect2,Artifact
246,251,2021-12-31,Strelka2,PASS
247,188,2021-04-21,GATK,PASS
248,477,2022-08-16,Mutect2,PASS
249,240,2023-05-16,GATK,PASS
250,286,2024-03-13,Strelka2,Artifact
251,30,2023-04-11,Strelka2,Contamination
252,21,2023-04-27,Strelka2,PASS
253,484,2023-04-25,GATK,PASS
254,372,2023-03-14,Mutect2,PASS
255,99,2024-08-13,DeepVariant,Contamination
256,321,2023-09-15,Mutect2,Artifact
257,55,2023-06-26,Strelka2,Artifact
258,235,2021-12-03,Mutect2,PASS
259,86,2021-02-16,Mutect2,Contamination
260,173,2022-10-23,DeepVariant,Contamination
261,308,2024-03-18,Strelka2,PASS
262,282,2021-04-08,Strelka2,LowQuality
263,392,2023-05-07,Mutect2,Artifact
264,166,2021-02-18,DeepVariant,Contamination
265,280,2022-09-19,Mutect2,Contamination
266,475,2022-01-13,Strelka2,LowQuality
267,230,2024-05-24,GATK,Artifact
268,18,2022-10-02,GATK,Contamination
269,70,2021-06-28,GATK,PASS
270,114,2021-01-04,Strelka2,PASS
271,396,2022-02-10,Strelka2,Contamination
272,262,2024-04-16,DeepVariant,PASS
273,20,2020-09-01,Strelka2,PASS
274,71,2021-03-19,Strelka2,Contamination
275,128,2024-01-15,Strelka2,PASS
276,48,2021-11-28,Mutect2,Contamination
277,470,2020-07-23,GATK,Artifact
278,167,2021-08-17,DeepVariant,LowQuality
279,423,2021-09-28,GATK,Contamination
280,329,2023-08-17,GATK,Artifact
281,414,2021-09-14,Mutect2,PASS
282,400,2021-12-07,Strelka2,PASS
283,451,2024-03-11,Mutect2,PASS
284,446,2022-10-07,GATK,Artifact
285,399,2023-07-02,Mutect2,PASS
286,157,2022-01-31,GATK,PASS
287,277,2021-03-21,DeepVariant,PASS
288,258,2021-10-30,DeepVariant,PASS
289,26,2022-04-15,Mutect2,LowQuality
290,386,2022-01-05,GATK,PASS
291,222,2022-09-20,Mutect2,PASS
292,68,2020-08-06,GATK,LowQuality
293,293,2022-08-13,Mutect2,PASS
294,44,2021-09-18,Mutect2,Artifact
295,67,2021-02-07,Mutect2,Contamination
296,102,2023-07-25,Mutect2,Artifact
297,293,2022-10-27,DeepVariant,PASS
298,37,2023-09-08,Mutect2,PASS
299,351,2024-09-22,GATK,PASS
300,344,2021-05-07,Mutect2,PASS
301,179,2021-12-16,Strelka2,PASS
302,305,2021-07-05,GATK,PASS
303,87,2024-06-23,Mutect2,Contamination
304,75,2023-03-27,GATK,PASS
305,103,2023-09-07,Strelka2,PASS
306,388,2021-10-18,GATK,Artifact
307,28,2020-09-22,DeepVariant,PASS
308,8,2020-10-28,GATK,PASS
309,231,2020-12-23,GATK,PASS
310,108,2022-06-28,DeepVariant,PASS
311,280,2023-02-24,Strelka2,Contamination
312,248,2022-06-14,DeepVariant,Artifact
313,358,2021-12-30,GATK,LowQuality
314,299,2021-03-24,GATK,PASS
315,88,2022-02-12,Strelka2,PASS
316,405,2024-02-27,Strelka2,PASS
317,239,2023-04-17,GATK,PASS
318,199,2024-12-01,Strelka2,Artifact
319,437,2021-12-01,Strelka2,PASS
320,10,2020-07-11,Mutect2,PASS
321,195,2022-06-25,GATK,PASS
322,249,2023-07-09,GATK,PASS
323,102,2023-08-01,Mutect2,Contamination
324,475,2022-09-04,GATK,PASS
325,127,2020-10-26,Strelka2,PASS
326,251,2021-10-24,DeepVariant,PASS
327,178,2022-09-06,Strelka2,PASS
328,321,2023-11-17,DeepVariant,Contamination
329,142,2022-04-13,Strelka2,LowQuality
330,456,2022-08-03,Strelka2,PASS
331,78,2022-04-23,Mutect2,Artifact
332,71,2020-12-18,Mutect2,Contamination
333,492,2021-10-29,DeepVariant,LowQuality
334,124,2022-12-03,DeepVariant,LowQuality
335,497,2022-01-19,Strelka2,LowQuality
336,278,2022-05-24,DeepVariant,Artifact
337,71,2021-08-28,DeepVariant,PASS
338,159,2021-11-18,DeepVariant,LowQuality
339,466,2020-10-03,DeepVariant,PASS
340,35,2022-04-17,GATK,PASS
341,163,2021-02-12,GATK,PASS
342,451,2024-02-29,Mutect2,PASS
343,227,2022-11-26,Strelka2,PASS
344,399,2022-11-17,GATK,PASS
345,95,2020-04-15,Strelka2,Contamination
346,291,2020-11-14,DeepVariant,Contamination
347,119,2022-10-04,GATK,PASS
348,41,2023-10-12,Mutect2,PASS
349,258,2021-09-12,Mutect2,Artifact
350,333,2023-09-02,DeepVariant,LowQuality
351,252,2023-09-01,DeepVariant,PASS
352,99,2024-03-12,GATK,LowQuality
353,392,2022-06-24,Strelka2,LowQuality
354,114,2021-08-26,DeepVariant,PASS
355,34,2024-02-19,Mutect2,Contamination
356,251,2022-03-24,Strelka2,LowQuality
357,455,2021-05-01,Mutect2,LowQuality
358,398,2022-05-17,Mutect2,Artifact
359,161,2020-10-31,GATK,Contamination
360,56,2023-01-25,Mutect2,PASS
361,450,2022-07-13,Mutect2,Artifact
362,21,2024-01-01,Mutect2,Contamination
363,392,2023-05-05,GATK,PASS
364,150,2021-11-11,Mutect2,PASS
365,397,2022-02-12,Mutect2,PASS
366,217,2022-08-19,GATK,Artifact
367,265,2023-07-13,Mutect2,Artifact
368,232,2020-11-13,GATK,PASS
369,399,2023-06-08,DeepVariant,LowQuality
370,212,2023-08-02,Mutect2,PASS
371,92,2023-02-22,DeepVariant,LowQuality
372,47,2020-10-02,Strelka2,Artifact
373,333,2024-02-22,DeepVariant,Artifact
374,376,2020-06-14,GATK,PASS
375,362,2021-11-18,Strelka2,PASS
376,269,2023-08-09,Mutect2,Artifact
377,406,2021-05-23,DeepVariant,LowQuality
378,282,2021-05-06,GATK,PASS
379,468,2023-03-30,DeepVariant,PASS
380,445,2023-10-07,DeepVariant,Artifact
381,27,2020-12-15,Strelka2,PASS
382,374,2023-04-22,Strelka2,Artifact
383,93,2023-05-01,DeepVariant,PASS
384,2,2020-12-20,Strelka2,PASS
385,235,2021-08-20,Mutect2,Contamination
386,414,2020-11-25,Mutect2,PASS
387,112,2021-11-16,Mutect2,LowQuality
388,210,2024-07-22,GATK,Contamination
389,308,2023-08-08,DeepVariant,Contamination
390,143,2021-12-04,DeepVariant,PASS
391,95,2020-06-16,GATK,Artifact
392,179,2021-09-28,DeepVariant,PASS
393,342,2021-09-19,Strelka2,PASS
394,472,2022-04-16,GATK,PASS
395,214,2021-12-09,DeepVariant,Artifact
396,146,2021-09-13,DeepVariant,LowQuality
397,384,2022-06-11,Strelka2,PASS
398,48,2021-07-12,Strelka2,PASS
399,460,2021-08-17,GATK,LowQuality
400,432,2022-06-20,GATK,PASS
401,242,2022-07-09,GATK,Artifact
402,441,2023-01-19,Strelka2,Contamination
403,212,2023-11-13,DeepVariant,Artifact
404,108,2022-08-05,GATK,PASS
405,293,2023-06-06,GATK,LowQuality
406,371,2023-02-12,Strelka2,LowQuality
407,312,2021-04-13,Strelka2,Contamination
408,295,2023-11-02,Strelka2,PASS
409,315,2023-11-27,Mutect2,Contamination
410,374,2023-07-26,Mutect2,LowQuality
411,414,2021-02-23,DeepVariant,Artifact
412,149,2021-01-27,GATK,PASS
413,13,2020-10-03,GATK,Artifact
414,435,2022-05-12,Mutect2,LowQuality
415,24,2021-02-01,Strelka2,Contamination
416,413,2023-08-01,DeepVariant,PASS
417,328,2024-01-01,Strelka2,PASS
418,405,2023-04-11,Strelka2,PASS
419,260,2024-07-01,Strelka2,PASS
420,59,2021-08-12,Strelka2,PASS
421,203,2024-03-10,GATK,PASS
422,100,2023-11-26,Strelka2,Artifact
423,246,2023-07-11,GATK,Artifact
424,70,2021-09-28,DeepVariant,Artifact
425,236,2021-03-25,Strelka2,LowQuality
426,402,2021-06-07,GATK,Contamination
427,154,2022-11-10,Strelka2,Contamination
428,275,2020-07-24,DeepVariant,Contamination
429,351,2024-05-20,Strelka2,PASS
430,497,2021-10-28,Strelka2,PASS
431,174,2023-08-30,DeepVariant,Contamination
432,311,2024-02-20,DeepVariant,Contamination
433,60,2021-12-12,Strelka2,Artifact
434,17,2021-04-05,Mutect2,PASS
435,255,2024-04-27,Strelka2,LowQuality
436,425,2022-05-25,DeepVariant,Contamination
437,155,2020-09-22,GATK,PASS
438,402,2020-11-27,DeepVariant,PASS
439,228,2024-02-12,GATK,LowQuality
440,464,2021-12-23,DeepVariant,PASS
441,175,2023-11-26,Strelka2,PASS
442,74,2021-05-24,DeepVariant,PASS
443,371,2022-03-15,Mutect2,LowQuality
444,366,2023-01-13,GATK,PASS
445,160,2020-12-09,GATK,PASS
446,240,2022-07-16,GATK,Contamination
447,393,2022-02-15,Strelka2,PASS
448,296,2022-08-22,DeepVariant,PASS
449,103,2022-12-29,Strelka2,PASS
450,273,2023-02-05,Mutect2,Artifact
451,61,2024-05-02,DeepVariant,PASS
452,141,2022-01-21,GATK,Contamination
453,287,2024-02-07,GATK,PASS
454,278,2022-09-13,Strelka2,PASS
455,73,2024-06-27,Strelka2,Contamination
456,126,2021-07-14,GATK,PASS
457,314,2020-11-19,Mutect2,PASS
458,67,2020-12-14,Mutect2,Artifact
459,26,2021-06-29,Mutect2,PASS
460,45,2020-11-30,Mutect2,PASS
461,361,2023-09-30,Mutect2,Contamination
462,183,2024-05-14,Strelka2,PASS
463,366,2023-03-30,GATK,LowQuality
464,291,2020-03-13,GATK,Artifact
465,240,2022-08-11,Mutect2,PASS
466,351,2024-10-27,Mutect2,LowQuality
467,119,2022-09-30,DeepVariant,Contamination
468,133,2024-01-07,Mutect2,PASS
469,359,2021-05-13,Strelka2,PASS
470,233,2023-01-22,GATK,PASS
471,244,2023-11-22,Strelka2,LowQuality
472,237,2023-10-18,Strelka2,PASS
473,310,2024-03-30,DeepVariant,Contamination
474,53,2021-08-19,GATK,PASS
475,285,2022-11-11,GATK,PASS
476,273,2023-04-19,Mutect2,Contamination
477,212,2023-06-20,DeepVariant,Contamination
478,82,2021-09-21,Mutect2,PASS
479,175,2023-07-08,Mutect2,LowQuality
480,291,2020-06-29,DeepVariant,PASS
481,340,2022-02-26,GATK,Artifact
482,477,2023-05-01,Mutect2,PASS
483,304,2023-03-01,Mutect2,PASS
484,285,2022-02-01,Mutect2,PASS
485,158,2022-12-01,GATK,Contamination
486,56,2023-05-24,Mutect2,PASS
487,254,2022-09-26,GATK,PASS
488,112,2021-03-31,GATK,PASS
489,339,2022-01-18,Mutect2,Contamination
490,150,2021-10-16,Mutect2,PASS
491,106,2023-07-07,Strelka2,PASS
492,292,2024-01-12,Strelka2,LowQuality
493,368,2023-04-25,GATK,Contamination
494,5,2023-10-20,Mutect2,PASS
495,437,2021-05-28,GATK,PASS
496,462,2021-11-29,GATK,PASS
497,361,2023-09-11,Strelka2,PASS
498,441,2023-01-23,GATK,PASS
499,222,2023-04-19,Mutect2,Artifact
500,163,2021-11-29,Mutect2,LowQuality
501,196,2024-01-19,DeepVariant,Artifact
502,89,2021-01-10,DeepVariant,PASS
503,285,2022-06-28,Strelka2,LowQuality
504,79,2021-06-17,DeepVariant,PASS
505,6,2022-10-20,GATK,PASS
506,370,2024-05-19,Mutect2,PASS
507,44,2021-05-07,Mutect2,LowQuality
508,458,2023-01-22,Mutect2,Contamination
509,93,2023-10-20,Mutect2,Contamination
510,420,2020-12-02,Mutect2,PASS
511,116,2023-09-27,Mutect2,Contamination
512,4,2021-09-12,Mutect2,Artifact
513,122,2023-02-25,Strelka2,LowQuality
514,475,2022-06-11,Strelka2,PASS
515,20,2020-10-26,Mutect2,Artifact
516,189,2020-11-30,Mutect2,Artifact
517,41,2023-01-05,Strelka2,LowQuality
518,265,2023-06-11,GATK,PASS
519,242,2023-03-20,GATK,Artifact
520,325,2020-11-08,Strelka2,Contamination
521,28,2020-11-12,GATK,LowQuality
522,233,2023-02-04,Mutect2,Contamination
523,376,2020-09-28,Mutect2,PASS
524,492,2021-04-15,Strelka2,PASS
525,19,2024-03-16,Strelka2,Artifact
526,402,2021-08-23,Strelka2,PASS
527,323,2023-11-26,DeepVariant,Contamination
528,27,2021-04-16,Strelka2,Artifact
529,320,2023-10-02,Strelka2,LowQuality
530,43,2021-01-31,GATK,PASS
531,130,2023-07-05,Strelka2,PASS
532,440,2023-07-25,GATK,Artifact
533,58,2023-10-05,DeepVariant,Contamination
534,379,2021-06-19,Mutect2,PASS
535,414,2021-02-20,Strelka2,Artifact
536,121,2023-09-23,DeepVariant,Contamination
537,442,2023-12-29,Strelka2,PASS
538,496,2022-12-01,DeepVariant,LowQuality
539,386,2021-10-04,Mutect2,PASS
540,339,2022-06-16,DeepVariant,PASS
541,296,2022-09-08,GATK,Artifact
542,136,2022-02-07,GATK,PASS
543,238,2021-07-17,Mutect2,PASS
544,244,2024-06-24,DeepVariant,LowQuality
545,350,2022-08-02,Mutect2,LowQuality
546,135,2020-07-18,Mutect2,PASS
547,148,2023-07-18,Mutect2,Artifact
548,162,2023-04-07,GATK,PASS
549,470,2020-12-31,Strelka2,LowQuality
550,313,2021-11-28,Strelka2,PASS
551,139,2023-06-08,GATK,PASS
552,336,2024-04-01,Mutect2,LowQuality
553,396,2022-02-02,DeepVariant,Artifact
554,345,2022-02-19,DeepVariant,Contamination
555,173,2022-11-02,DeepVariant,PASS
556,281,2022-11-18,GATK,PASS
557,7,2024-02-21,GATK,Contamination
558,54,2024-09-13,Mutect2,PASS
559,113,2022-05-25,Strelka2,PASS
560,18,2022-05-22,GATK,PASS
561,481,2022-05-09,DeepVariant,Contamination
562,327,2021-06-30,GATK,PASS
563,439,2022-09-02,DeepVariant,LowQuality
564,337,2021-10-17,DeepVariant,PASS
565,357,2024-02-08,Strelka2,PASS
566,240,2023-05-27,GATK,Artifact
567,233,2022-10-06,Mutect2,Artifact
568,463,2022-01-07,Strelka2,PASS
569,83,2022-06-09,Strelka2,PASS
570,196,2023-12-26,Strelka2,PASS
571,133,2023-11-17,DeepVariant,LowQuality
572,36,2022-11-22,DeepVariant,Contamination
573,202,2023-12-14,Mutect2,PASS
574,74,2022-01-05,Mutect2,PASS
575,315,2024-01-07,GATK,LowQuality
576,367,2021-05-18,GATK,PASS
577,38,2022-07-28,Strelka2,LowQuality
578,10,2020-10-24,DeepVariant,Artifact
579,328,2023-09-20,GATK,Artifact
580,200,2023-09-18,DeepVariant,Artifact
581,169,2021-05-27,GATK,Contamination
582,363,2023-02-10,Mutect2,LowQuality
583,207,2021-09-12,DeepVariant,PASS
584,197,2023-03-01,Mutect2,PASS
585,291,2020-10-06,Strelka2,PASS
586,350,2022-01-08,Mutect2,PASS
587,324,2024-06-05,GATK,PASS
588,274,2024-03-24,GATK,LowQuality
589,390,2023-02-10,DeepVariant,PASS
590,284,2021-02-09,Mutect2,Artifact
591,98,2022-07-14,Mutect2,PASS
592,323,2024-03-15,Strelka2,LowQuality
593,44,2022-01-15,Mutect2,Artifact
594,98,2022-04-23,GATK,PASS
595,13,2020-12-07,DeepVariant,LowQuality
596,200,2023-06-06,Strelka2,LowQuality
597,274,2024-05-19,GATK,PASS
598,174,2023-03-19,Strelka2,Artifact
599,22,2023-05-11,GATK,PASS
600,414,2021-10-23,Mutect2,Artifact
601,446,2023-03-14,DeepVariant,Artifact
602,297,2022-01-13,GATK,PASS
603,377,2022-11-07,Mutect2,Artifact
604,10,2020-10-11,GATK,PASS
605,360,2022-08-24,DeepVariant,PASS
606,89,2021-03-31,GATK,PASS
607,421,2021-10-16,Mutect2,Contamination
608,88,2022-11-11,GATK,PASS
609,59,2021-05-07,DeepVariant,PASS
610,412,2023-04-14,Mutect2,PASS
611,416,2021-01-17,Mutect2,PASS
612,62,2023-07-08,DeepVariant,PASS
613,429,2023-04-20,GATK,Contamination
614,89,2020-10-30,GATK,PASS
615,141,2022-02-04,Mutect2,PASS
616,357,2024-05-13,DeepVariant,LowQuality
617,125,2020-10-24,GATK,PASS
618,52,2021-09-20,Mutect2,PASS
619,9,2022-05-15,GATK,PASS
620,4,2021-02-20,GATK,Artifact
621,334,2021-04-05,Strelka2,LowQuality
622,356,2021-05-18,DeepVariant,PASS
623,74,2022-02-25,Strelka2,Contamination
624,231,2020-11-22,DeepVariant,PASS
625,313,2021-12-19,GATK,Contamination
626,93,2023-11-12,GATK,Artifact
627,424,2023-03-16,Strelka2,LowQuality
628,3,2021-11-17,DeepVariant,PASS
629,61,2024-09-11,GATK,Contamination
630,186,2022-02-10,DeepVariant,LowQuality
631,395,2020-11-16,DeepVariant,PASS
632,28,2020-08-28,GATK,PASS
633,351,2024-08-01,Mutect2,PASS
634,82,2021-12-27,GATK,PASS
635,331,2023-10-01,Strelka2,PASS
636,223,2022-07-08,Strelka2,Contamination
637,413,2023-04-29,GATK,PASS
638,380,2023-06-18,DeepVariant,PASS
639,403,2021-12-05,Mutect2,Contamination
640,60,2021-08-13,DeepVariant,Artifact
641,228,2024-03-27,Strelka2,LowQuality
642,102,2023-10-30,Strelka2,PASS
643,399,2022-10-08,Strelka2,PASS
644,51,2021-10-23,Mutect2,PASS
645,193,2021-04-21,GATK,LowQuality
646,300,2024-03-17,GATK,LowQuality
647,75,2022-12-02,Mutect2,PASS
648,199,2024-07-07,DeepVariant,LowQuality
649,369,2020-04-11,Strelka2,PASS
650,104,2022-08-12,DeepVariant,PASS
651,355,2024-09-03,GATK,PASS
652,70,2021-03-22,Mutect2,LowQuality
653,215,2024-01-24,Strelka2,PASS
654,454,2021-06-13,DeepVariant,Artifact
655,488,2023-11-05,DeepVariant,Contamination
656,497,2022-05-23,DeepVariant,PASS
657,211,2021-10-16,Mutect2,PASS
658,303,2023-12-31,Mutect2,PASS
659,8,2020-12-11,DeepVariant,PASS
660,168,2023-04-13,DeepVariant,Contamination
661,485,2023-08-15,GATK,LowQuality
662,23,2021-05-31,Mutect2,Artifact
663,394,2022-11-23,GATK,LowQuality
664,272,2021-09-30,Mutect2,Artifact
665,421,2021-10-17,Mutect2,LowQuality
666,124,2022-03-27,GATK,Artifact
667,375,2022-01-09,DeepVariant,PASS
668,184,2020-10-21,DeepVariant,Artifact
669,47,2020-06-04,Mutect2,Artifact
670,157,2021-07-29,Mutect2,Contamination
671,383,2022-01-19,GATK,LowQuality
672,238,2021-03-05,Mutect2,PASS
673,405,2023-09-13,Mutect2,Artifact
674,325,2020-02-06,GATK,LowQuality
675,458,2023-01-19,Strelka2,Contamination
676,17,2021-04-17,Mutect2,PASS
677,358,2021-12-01,DeepVariant,Artifact
678,42,2021-01-18,Strelka2,Artifact
679,478,2022-11-09,Strelka2,PASS
680,57,2021-03-21,Strelka2,LowQuality
681,317,2021-09-05,Strelka2,PASS
682,90,2021-02-03,GATK,Contamination
683,364,2022-04-30,DeepVariant,PASS
684,123,2023-11-13,GATK,Artifact
685,245,2021-08-18,DeepVariant,Artifact
686,390,2023-01-08,Strelka2,PASS
687,460,2021-06-20,Mutect2,PASS
688,28,2020-06-22,Strelka2,PASS
689,232,2021-06-03,GATK,LowQuality
690,364,2022-10-15,Strelka2,LowQuality
691,318,2022-12-30,GATK,PASS
692,457,2023-09-14,GATK,PASS
693,201,2024-02-14,Strelka2,PASS
694,56,2022-08-31,Strelka2,PASS
695,357,2024-01-20,Mutect2,PASS
696,448,2022-04-20,GATK,PASS
697,214,2022-08-24,DeepVariant,LowQuality
698,178,2022-04-24,Mutect2,Artifact
699,331,2023-04-08,Strelka2,PASS
700,33,2022-03-04,DeepVariant,Contamination
701,331,2023-09-16,Mutect2,Contamination
702,176,2021-09-04,Strelka2,LowQuality
703,304,2023-04-05,Mutect2,LowQuality
704,156,2021-09-10,DeepVariant,PASS
705,88,2022-05-26,DeepVariant,LowQuality
706,191,2022-02-01,GATK,PASS
707,181,2023-04-24,Mutect2,PASS
708,317,2021-11-06,Strelka2,PASS
709,499,2022-02-10,DeepVariant,PASS
710,122,2022-04-26,GATK,PASS
711,295,2023-02-20,Mutect2,PASS
712,190,2022-01-18,DeepVariant,Contamination
713,363,2022-06-21,Strelka2,PASS
714,76,2022-02-06,Mutect2,Contamination
715,500,2020-09-26,Strelka2,PASS
716,472,2022-03-15,Mutect2,LowQuality
717,394,2022-05-23,Mutect2,PASS
718,80,2020-12-28,Strelka2,Artifact
719,362,2021-08-31,Mutect2,PASS
720,497,2022-06-02,DeepVariant,Contamination
721,374,2023-04-20,Strelka2,Artifact
722,58,2023-08-02,GATK,PASS
723,348,2021-11-20,GATK,PASS
724,13,2020-08-31,DeepVariant,LowQuality
725,183,2024-01-23,Strelka2,PASS
726,312,2021-09-26,DeepVariant,Contamination
727,270,2020-05-04,Strelka2,PASS
728,12,2022-02-18,Mutect2,Artifact
729,344,2020-11-21,Mutect2,PASS
730,252,2023-06-13,GATK,Artifact
731,185,2022-03-01,DeepVariant,Artifact
732,438,2023-12-27,Strelka2,LowQuality
733,191,2021-09-13,Strelka2,PASS
734,180,2022-04-18,Mutect2,Contamination
735,45,2020-08-14,Mutect2,Artifact
736,213,2022-06-09,Strelka2,PASS
737,413,2023-04-14,Mutect2,PASS
738,428,2020-11-04,GATK,PASS
739,107,2020-11-13,Mutect2,Contamination
740,172,2022-05-16,Mutect2,PASS
741,4,2021-06-18,Strelka2,LowQuality
742,90,2020-12-18,Mutect2,Artifact
743,291,2020-03-16,DeepVariant,PASS
744,427,2023-02-26,Strelka2,Contamination
745,252,2023-01-23,Strelka2,Contamination
746,156,2021-08-03,Mutect2,PASS
747,14,2020-10-18,DeepVariant,PASS
748,154,2022-12-18,Mutect2,PASS
749,335,2024-06-01,Strelka2,LowQuality
750,92,2023-03-13,DeepVariant,PASS
751,62,2022-12-11,Mutect2,PASS
752,307,2021-09-27,Mutect2,Contamination
753,224,2023-05-09,Mutect2,Artifact
754,419,2023-07-25,Strelka2,Contamination
755,376,2021-01-31,GATK,PASS
756,84,2024-05-26,GATK,PASS
757,164,2024-04-06,DeepVariant,PASS
758,84,2023-08-30,Strelka2,PASS
759,215,2024-09-18,Strelka2,PASS
760,149,2021-03-18,GATK,Contamination
761,100,2024-04-26,DeepVariant,PASS
762,307,2021-06-19,Strelka2,PASS
763,424,2023-09-28,Strelka2,PASS
764,351,2024-11-24,Strelka2,PASS
765,274,2024-07-24,Strelka2,PASS
766,7,2023-10-04,Strelka2,PASS
767,399,2023-04-18,Mutect2,PASS
768,472,2022-05-25,GATK,PASS
769,80,2021-09-09,DeepVariant,PASS
770,408,2022-11-04,GATK,LowQuality
771,236,2020-08-02,GATK,PASS
772,473,2021-09-07,Mutect2,PASS
773,160,2021-11-05,Strelka2,PASS
774,419,2024-01-06,Strelka2,PASS
775,364,2022-06-20,GATK,Artifact
776,418,2022-01-23,DeepVariant,PASS
777,439,2022-10-18,DeepVariant,Artifact
778,117,2021-08-15,DeepVariant,PASS
779,67,2021-01-09,Mutect2,Artifact
780,391,2023-10-07,GATK,PASS
781,397,2022-05-24,Mutect2,PASS
782,101,2020-03-12,GATK,Artifact
783,263,2022-04-22,GATK,LowQuality
784,61,2024-04-22,GATK,PASS
785,155,2021-06-01,GATK,PASS
786,401,2021-12-09,DeepVariant,Contamination
787,462,2021-06-03,DeepVariant,Artifact
788,180,2021-11-26,GATK,PASS
789,434,2024-03-20,Strelka2,PASS
790,83,2023-01-14,DeepVariant,Contamination
791,292,2023-03-05,GATK,Contamination
792,391,2023-08-18,DeepVariant,Artifact
793,99,2024-04-10,DeepVariant,Contamination
794,3,2021-03-27,DeepVariant,Contamination
795,436,2021-03-11,Mutect2,PASS
796,358,2021-11-19,DeepVariant,LowQuality
797,345,2021-06-17,DeepVariant,PASS
798,195,2022-05-13,DeepVariant,Contamination
799,117,2021-10-05,GATK,PASS
800,64,2023-05-22,GATK,Contamination
801,70,2021-10-05,Strelka2,Artifact
802,148,2023-09-12,GATK,PASS
803,168,2023-05-13,GATK,LowQuality
804,146,2021-06-26,Strelka2,Artifact
805,500,2021-02-17,DeepVariant,Contamination
806,209,2021-12-02,Mutect2,PASS
807,439,2021-12-02,Mutect2,Artifact
808,189,2021-01-03,GATK,Artifact
809,252,2023-12-12,GATK,LowQuality
810,225,2020-12-16,GATK,PASS
811,74,2021-10-23,Mutect2,Artifact
812,303,2023-06-24,DeepVariant,PASS
813,187,2023-09-21,Strelka2,PASS
814,305,2021-02-26,GATK,PASS
815,430,2023-09-03,Mutect2,PASS
816,392,2023-06-17,Strelka2,Artifact
817,483,2021-12-18,Strelka2,LowQuality
818,342,2021-10-02,Mutect2,LowQuality
819,262,2023-11-26,DeepVariant,LowQuality
820,56,2022-08-09,Strelka2,LowQuality
821,255,2024-04-24,DeepVariant,PASS
822,51,2021-07-21,GATK,LowQuality
823,348,2021-02-24,DeepVariant,LowQuality
824,310,2024-05-22,Strelka2,PASS
825,156,2021-10-08,GATK,PASS
826,339,2022-07-27,Mutect2,LowQuality
827,104,2022-07-22,Mutect2,LowQuality
828,259,2021-06-04,Strelka2,Contamination
829,280,2022-06-11,GATK,LowQuality
830,451,2023-10-01,Mutect2,LowQuality
831,162,2023-01-18,Mutect2,LowQuality
832,19,2023-04-12,DeepVariant,Contamination
833,338,2023-09-09,DeepVariant,LowQuality
834,221,2024-01-22,Strelka2,Artifact
835,200,2024-01-09,GATK,Contamination
836,346,2024-02-21,Mutect2,LowQuality
837,288,2020-08-02,GATK,LowQuality
838,135,2021-01-13,Mutect2,Contamination
839,347,2024-05-10,Strelka2,PASS
840,32,2022-12-15,GATK,PASS
841,429,2023-07-07,Strelka2,Artifact
842,299,2020-05-02,Strelka2,LowQuality
843,50,2022-01-21,Strelka2,PASS
844,211,2021-07-20,GATK,Artifact
845,126,2021-08-22,DeepVariant,Artifact
846,160,2021-09-16,GATK,Artifact
847,34,2024-04-25,GATK,PASS
848,87,2024-01-06,Strelka2,PASS
849,236,2021-05-26,Mutect2,Contamination
850,264,2021-03-21,Strelka2,PASS
851,357,2024-07-03,GATK,PASS
852,194,2024-06-27,Mutect2,PASS
853,294,2021-03-08,Mutect2,PASS
854,354,2021-05-28,DeepVariant,PASS
855,255,2024-09-10,Strelka2,PASS
856,315,2023-07-15,Strelka2,LowQuality
857,104,2022-11-03,GATK,Contamination
858,110,2024-03-19,Strelka2,PASS
859,153,2022-07-21,Mutect2,PASS
860,320,2023-11-05,GATK,Contamination
861,173,2022-04-09,GATK,Contamination
862,411,2024-01-05,Mutect2,LowQuality
863,108,2022-03-22,GATK,Artifact
864,422,2022-12-09,Strelka2,LowQuality
865,340,2021-12-22,Strelka2,PASS
866,213,2022-05-19,Strelka2,Contamination
867,264,2021-04-07,DeepVariant,PASS
868,322,2024-11-20,DeepVariant,Contamination
869,256,2024-04-12,Mutect2,PASS
870,480,2023-12-14,Mutect2,Contamination
871,373,2023-11-04,GATK,Contamination
872,103,2023-03-27,Mutect2,PASS
873,124,2022-05-01,Strelka2,LowQuality
874,211,2021-07-04,GATK,Artifact
875,105,2021-08-23,Strelka2,PASS
876,331,2023-06-19,Strelka2,Artifact
877,308,2023-12-03,Mutect2,PASS
878,59,2020-11-10,DeepVariant,PASS
879,126,2021-09-23,Mutect2,LowQuality
880,287,2023-12-29,Mutect2,Artifact
881,464,2021-04-29,DeepVariant,PASS
882,140,2020-09-13,GATK,PASS
883,405,2023-07-28,DeepVariant,Artifact
884,437,2021-01-19,Mutect2,PASS
885,29,2023-07-03,Strelka2,Contamination
886,153,2021-11-02,Mutect2,PASS
887,344,2021-09-09,GATK,LowQuality
888,483,2021-08-07,DeepVariant,PASS
889,293,2023-04-01,GATK,Contamination
890,341,2023-12-29,Strelka2,LowQuality
891,453,2022-01-09,DeepVariant,Contamination
892,63,2022-08-31,Strelka2,Contamination
893,378,2021-11-12,DeepVariant,LowQuality
894,112,2021-04-02,GATK,PASS
895,110,2024-03-12,Mutect2,LowQuality
896,131,2022-01-19,GATK,LowQuality
897,274,2024-04-10,GATK,PASS
898,280,2023-01-04,Mutect2,Artifact
899,127,2020-06-19,DeepVariant,PASS
900,244,2024-04-01,Strelka2,PASS
901,331,2024-02-02,GATK,Artifact
902,340,2021-04-17,DeepVariant,PASS
903,283,2023-01-26,Strelka2,Artifact
904,491,2021-11-10,Strelka2,Artifact
905,63,2022-12-22,DeepVariant,LowQuality
906,199,2024-01-02,Mutect2,PASS
907,155,2020-08-10,DeepVariant,PASS
908,108,2021-12-17,Mutect2,Artifact
909,163,2021-10-25,Mutect2,PASS
910,141,2022-01-04,Mutect2,LowQuality
911,378,2021-11-24,Strelka2,Artifact
912,217,2022-05-12,DeepVariant,Artifact
913,134,2024-06-29,GATK,PASS
914,216,2024-10-27,Strelka2,LowQuality
915,356,2020-10-01,GATK,Artifact
916,329,2023-06-19,Mutect2,Artifact
917,70,2021-01-26,Mutect2,PASS
918,322,2024-04-30,Strelka2,Contamination
919,43,2021-01-23,DeepVariant,PASS
920,265,2024-05-01,DeepVariant,Contamination
921,352,2022-09-19,Strelka2,LowQuality
922,245,2021-01-01,Strelka2,PASS
923,352,2022-12-21,Strelka2,PASS
924,102,2022-12-31,Mutect2,PASS
925,94,2022-03-28,Mutect2,Contamination
926,115,2023-09-04,GATK,Contamination
927,332,2021-12-03,DeepVariant,PASS
928,499,2022-07-07,DeepVariant,PASS
929,360,2021-12-21,GATK,LowQuality
930,317,2022-03-23,Strelka2,PASS
931,46,2021-06-11,DeepVariant,Contamination
932,61,2023-12-22,Mutect2,LowQuality
933,424,2023-09-22,Mutect2,PASS
934,115,2024-08-24,DeepVariant,PASS
935,485,2023-10-14,Strelka2,Artifact
936,254,2022-05-14,DeepVariant,LowQuality
937,439,2022-02-10,DeepVariant,PASS
938,373,2023-11-30,DeepVariant,LowQuality
939,93,2023-09-27,DeepVariant,PASS
940,149,2021-03-03,DeepVariant,Contamination
941,231,2020-08-31,Strelka2,Contamination
942,351,2024-10-29,Mutect2,PASS
943,6,2023-05-12,DeepVariant,PASS
944,499,2022-11-02,Mutect2,Artifact
945,109,2022-10-24,Mutect2,Artifact
946,217,2023-01-21,Strelka2,PASS
947,49,2023-04-28,GATK,PASS
948,171,2024-01-25,Mutect2,PASS
949,311,2024-07-13,GATK,PASS
950,130,2024-01-12,Mutect2,PASS
951,203,2024-05-01,Strelka2,PASS
952,496,2023-07-01,GATK,Contamination
953,92,2022-11-15,DeepVariant,Contamination
954,253,2020-10-05,Mutect2,PASS
955,46,2021-05-16,Mutect2,PASS
956,134,2023-12-12,Strelka2,PASS
957,66,2023-10-19,Strelka2,Artifact
958,185,2022-03-18,Strelka2,PASS
959,314,2020-10-12,Strelka2,LowQuality
960,458,2022-04-25,Strelka2,Artifact
961,252,2023-03-20,Mutect2,PASS
962,97,2024-03-10,GATK,PASS
963,94,2021-09-26,Mutect2,PASS
964,84,2024-07-29,Mutect2,LowQuality
965,60,2022-03-18,GATK,LowQuality
966,183,2024-12-04,Mutect2,LowQuality
967,253,2020-06-11,DeepVariant,PASS
968,179,2021-10-27,DeepVariant,PASS
969,93,2023-05-27,Strelka2,Contamination
970,457,2023-12-28,DeepVariant,Contamination
971,498,2020-08-30,DeepVariant,LowQuality
972,472,2022-04-11,DeepVariant,LowQuality
973,347,2023-12-30,Strelka2,PASS
974,146,2021-10-19,GATK,LowQuality
975,192,2021-12-09,GATK,PASS
976,79,2021-02-04,GATK,LowQuality
977,426,2021-12-19,Mutect2,LowQuality
978,322,2024-04-11,GATK,PASS
979,497,2021-09-04,Mutect2,PASS
980,486,2024-08-10,DeepVariant,PASS
981,442,2024-01-06,Strelka2,PASS
982,409,2022-08-10,GATK,Contamination
983,488,2023-10-31,Mutect2,PASS
984,205,2022-04-19,DeepVariant,PASS
985,495,2021-11-25,GATK,PASS
986,437,2021-04-14,DeepVariant,LowQuality
987,400,2022-06-03,Strelka2,Artifact
988,386,2022-02-04,DeepVariant,PASS
989,153,2022-06-09,Mutect2,Artifact
990,413,2023-02-14,DeepVariant,PASS
991,341,2023-04-25,Strelka2,Contamination
992,103,2023-05-30,Mutect2,LowQuality
993,244,2024-02-10,Mutect2,PASS
994,388,2022-04-09,Strelka2,Contamination
995,96,2022-02-18,Mutect2,PASS
996,21,2023-12-09,Strelka2,LowQuality
997,347,2024-03-05,DeepVariant,LowQuality
998,270,2020-11-29,GATK,PASS
999,240,2023-02-01,GATK,LowQuality
1000,154,2022-04-11,DeepVariant,Artifact
1001,463,2021-07-03,DeepVariant,Contamination
1002,219,2021-01-12,GATK,Contamination
1003,40,2022-05-15,GATK,Contamination
1004,218,2023-06-13,GATK,LowQuality
1005,339,2022-08-21,Strelka2,PASS
1006,131,2022-01-17,GATK,Contamination
1007,9,2021-11-05,Mutect2,PASS
1008,403,2022-02-22,Mutect2,PASS
1009,43,2021-06-29,Strelka2,PASS
1010,301,2024-03-31,Mutect2,Contamination
1011,414,2021-04-07,Strelka2,PASS
1012,109,2022-01-26,GATK,Artifact
1013,310,2023-10-20,GATK,LowQuality
1014,274,2023-10-11,GATK,LowQuality
1015,60,2021-07-14,DeepVariant,Artifact
1016,245,2021-06-17,Mutect2,Artifact
1017,495,2022-03-09,Mutect2,PASS
1018,317,2022-06-27,Strelka2,Artifact
1019,345,2022-04-12,Mutect2,PASS
1020,45,2020-06-29,DeepVariant,PASS
1021,98,2022-04-09,GATK,Artifact
1022,497,2021-11-17,GATK,PASS
1023,247,2021-11-11,DeepVariant,Artifact
1024,124,2022-09-24,DeepVariant,PASS
1025,155,2021-02-17,DeepVariant,LowQuality
1026,217,2022-04-02,GATK,PASS
1027,463,2021-04-19,Mutect2,LowQuality
1028,242,2022-05-12,Mutect2,Contamination
1029,125,2020-04-13,Strelka2,Contamination
1030,425,2022-07-10,GATK,PASS
1031,5,2023-02-01,Mutect2,LowQuality
1032,435,2022-10-06,Strelka2,PASS
1033,250,2021-10-03,Mutect2,Contamination
1034,303,2024-03-11,Mutect2,PASS
1035,366,2022-05-22,GATK,LowQuality
1036,296,2022-08-24,GATK,PASS
1037,458,2022-12-28,Mutect2,LowQuality
1038,60,2022-03-18,Strelka2,LowQuality
1039,358,2021-09-02,GATK,PASS
1040,148,2023-03-09,Mutect2,PASS
1041,225,2020-07-20,DeepVariant,Contamination
1042,466,2021-07-06,Strelka2,Contamination
1043,437,2021-11-30,Mutect2,PASS
1044,453,2022-04-23,Mutect2,LowQuality
1045,427,2023-07-25,Strelka2,LowQuality
1046,410,2021-07-25,DeepVariant,PASS
1047,354,2020-07-31,Mutect2,PASS
1048,89,2020-08-22,DeepVariant,Contamination
1049,252,2023-02-22,Mutect2,LowQuality
1050,156,2021-03-24,DeepVariant,Contamination
1051,25,2023-11-07,Strelka2,PASS
1052,183,2024-11-17,DeepVariant,PASS
1053,424,2023-06-27,GATK,PASS
1054,173,2022-06-29,GATK,Contamination
1055,117,2021-05-11,DeepVariant,LowQuality
1056,133,2023-12-26,Strelka2,PASS
1057,395,2020-10-12,Strelka2,PASS
1058,437,2021-12-17,GATK,Artifact
1059,26,2021-12-16,Mutect2,PASS
1060,500,2020-08-28,GATK,Contamination
1061,22,2023-07-02,GATK,PASS
1062,323,2023-05-28,DeepVariant,PASS
1063,81,2022-08-26,Mutect2,Contamination
1064,256,2024-02-13,DeepVariant,Artifact
1065,187,2023-11-30,DeepVariant,PASS
1066,435,2022-05-09,Mutect2,LowQuality
1067,394,2022-03-13,DeepVariant,LowQuality
1068,175,2023-08-17,DeepVariant,PASS
1069,137,2020-10-18,Mutect2,PASS
1070,323,2024-03-03,DeepVariant,PASS
1071,386,2021-12-03,Mutect2,PASS
1072,71,2021-06-11,Mutect2,LowQuality
1073,460,2021-09-26,Strelka2,PASS
1074,227,2022-03-19,GATK,Artifact
1075,413,2023-05-31,GATK,PASS
1076,174,2023-07-30,Mutect2,PASS
1077,223,2022-04-02,Mutect2,PASS
1078,339,2022-09-27,DeepVariant,Contamination
1079,30,2023-04-19,Strelka2,LowQuality
1080,206,2021-10-22,Strelka2,Artifact
1081,381,2023-04-25,Strelka2,PASS
1082,424,2023-03-05,DeepVariant,Artifact
1083,207,2022-03-24,DeepVariant,Contamination
1084,320,2024-07-31,Mutect2,Artifact
1085,177,2021-04-18,Mutect2,PASS
1086,452,2023-05-24,GATK,PASS
1087,276,2020-12-05,Mutect2,Artifact
1088,369,2020-03-07,Strelka2,PASS
1089,48,2021-10-28,Strelka2,Contamination
1090,175,2024-02-12,DeepVariant,PASS
1091,15,2023-05-09,Strelka2,PASS
1092,427,2023-01-17,Mutect2,Contamination
1093,57,2020-10-06,Strelka2,PASS
1094,322,2024-08-11,Strelka2,PASS
1095,25,2024-09-26,GATK,LowQuality
1096,153,2022-07-21,GATK,LowQuality
1097,174,2023-06-19,DeepVariant,PASS
1098,154,2022-06-19,DeepVariant,Artifact
1099,194,2024-06-01,DeepVariant,PASS
1100,168,2023-05-25,DeepVariant,PASS
1101,233,2022-07-07,DeepVariant,Artifact
1102,218,2023-06-12,GATK,PASS
1103,32,2023-07-06,DeepVariant,LowQuality
1104,110,2024-06-08,GATK,PASS
1105,347,2024-08-07,Mutect2,Contamination
1106,287,2024-02-09,Mutect2,PASS
1107,300,2024-03-24,Mutect2,LowQuality
1108,353,2024-06-09,Mutect2,PASS
1109,74,2021-12-18,DeepVariant,LowQuality
1110,365,2022-03-07,DeepVariant,Artifact
1111,263,2022-03-20,GATK,Artifact
1112,109,2022-06-14,Mutect2,PASS
1113,383,2021-06-15,Strelka2,PASS
1114,309,2023-10-03,GATK,PASS
1115,190,2022-08-04,Strelka2,PASS
1116,268,2024-02-28,GATK,PASS
1117,157,2021-11-15,Strelka2,PASS
1118,249,2022-09-21,DeepVariant,PASS
1119,402,2021-09-05,Mutect2,PASS
1120,480,2023-06-27,Strelka2,PASS
1121,94,2022-05-16,GATK,PASS
1122,281,2023-05-10,GATK,PASS
1123,214,2022-05-13,Strelka2,Contamination
1124,232,2021-03-19,Mutect2,LowQuality
1125,428,2020-11-14,DeepVariant,PASS
1126,259,2021-12-13,Mutect2,LowQuality
1127,342,2021-07-15,DeepVariant,Artifact
1128,167,2021-01-27,Mutect2,LowQuality
1129,120,2021-03-01,Strelka2,Contamination
1130,24,2021-07-24,Mutect2,Artifact
1131,143,2021-12-17,GATK,PASS
1132,363,2022-06-16,Strelka2,Contamination
1133,331,2023-05-31,GATK,PASS
1134,490,2023-04-11,GATK,Contamination
1135,268,2024-03-17,Mutect2,Contamination
1136,460,2021-02-13,GATK,Artifact
1137,480,2023-10-21,DeepVariant,PASS
1138,141,2022-03-09,DeepVariant,Artifact
1139,430,2023-11-21,Mutect2,PASS
1140,414,2021-08-23,Strelka2,LowQuality
1141,302,2022-03-30,Mutect2,PASS
1142,175,2023-11-02,DeepVariant,LowQuality
1143,13,2020-11-04,Strelka2,LowQuality
1144,132,2020-05-10,GATK,PASS
1145,278,2022-06-12,Strelka2,PASS
1146,94,2022-01-16,GATK,PASS
1147,158,2022-12-02,DeepVariant,PASS
1148,315,2023-07-28,DeepVariant,PASS
1149,366,2022-05-20,Strelka2,LowQuality
1150,51,2021-12-04,DeepVariant,LowQuality
1151,458,2022-07-15,Strelka2,LowQuality
1152,483,2021-07-28,GATK,PASS
1153,123,2023-12-12,DeepVariant,LowQuality
1154,261,2024-03-24,Mutect2,PASS
1155,138,2023-02-15,Strelka2,LowQuality
1156,284,2021-08-16,GATK,LowQuality
1157,15,2023-03-02,DeepVariant,PASS
1158,138,2023-10-25,GATK,PASS
1159,391,2024-05-21,DeepVariant,PASS
1160,291,2020-08-01,Mutect2,PASS
1161,434,2024-09-19,DeepVariant,PASS
1162,192,2021-11-13,DeepVariant,PASS
1163,276,2021-01-19,Mutect2,PASS
1164,1,2023-03-16,Strelka2,Artifact
1165,498,2020-11-21,GATK,PASS
1166,478,2023-06-15,Strelka2,Contamination
1167,129,2024-06-18,Mutect2,PASS
1168,432,2022-08-01,DeepVariant,Contamination
1169,431,2021-02-20,Strelka2,PASS
1170,83,2023-01-31,GATK,PASS
1171,46,2021-06-25,GATK,PASS
1172,372,2023-08-27,Strelka2,LowQuality
1173,108,2022-08-04,Strelka2,Artifact
1174,485,2023-11-22,Strelka2,Artifact
1175,232,2021-02-14,DeepVariant,Artifact
1176,165,2023-11-30,DeepVariant,LowQuality
1177,492,2021-09-18,Strelka2,PASS
1178,468,2023-09-29,DeepVariant,Artifact
1179,473,2021-08-31,Mutect2,PASS
1180,462,2021-02-25,DeepVariant,LowQuality
1181,285,2022-12-05,Mutect2,LowQuality
1182,276,2020-07-28,GATK,Contamination
1183,16,2023-02-12,Mutect2,Artifact
1184,64,2023-03-25,Mutect2,Contamination
1185,184,2020-12-07,DeepVariant,Artifact
1186,5,2023-02-12,Mutect2,PASS
1187,480,2023-04-30,Mutect2,PASS
1188,114,2020-09-27,Strelka2,Artifact
1189,472,2023-03-01,Strelka2,PASS
1190,47,2021-04-06,Strelka2,Artifact
1191,114,2021-01-14,Mutect2,PASS
1192,19,2023-08-17,Mutect2,Artifact
1193,362,2022-02-06,DeepVariant,PASS
1194,101,2020-12-08,Mutect2,PASS
1195,446,2022-11-02,Mutect2,PASS
1196,283,2022-10-21,DeepVariant,PASS
1197,302,2022-05-11,GATK,PASS
1198,133,2024-04-21,DeepVariant,Contamination
1199,374,2023-01-24,DeepVariant,Artifact
1200,12,2022-12-27,Strelka2,Artifact
1201,287,2024-01-07,GATK,LowQuality
1202,329,2024-02-24,GATK,PASS
1203,222,2022-11-19,Strelka2,PASS
1204,349,2023-04-16,Mutect2,LowQuality
1205,186,2022-01-29,GATK,Artifact
1206,115,2023-09-18,Strelka2,LowQuality
1207,273,2023-04-12,Strelka2,PASS
1208,201,2024-02-22,Strelka2,PASS
1209,451,2024-05-20,GATK,Artifact
1210,116,2024-06-11,Mutect2,PASS
1211,470,2020-08-08,DeepVariant,PASS
1212,169,2021-04-16,GATK,Artifact
1213,321,2023-08-04,GATK,LowQuality
1214,222,2022-05-07,Strelka2,PASS
1215,127,2020-03-24,Mutect2,PASS
1216,491,2021-05-10,GATK,PASS
1217,267,2022-10-11,GATK,Contamination
1218,318,2023-02-04,GATK,Artifact
1219,229,2021-06-09,GATK,PASS
1220,499,2021-12-14,GATK,LowQuality
1221,161,2021-04-03,GATK,PASS
1222,32,2023-07-15,GATK,PASS
1223,313,2021-11-15,Mutect2,PASS
1224,53,2022-01-05,GATK,Contamination
1225,27,2020-10-12,Mutect2,LowQuality
1226,50,2022-04-28,Mutect2,PASS
1227,443,2023-03-21,GATK,LowQuality
1228,197,2022-11-06,Mutect2,Contamination
1229,318,2022-08-15,Strelka2,Artifact
1230,481,2022-06-19,GATK,LowQuality
1231,265,2023-10-17,DeepVariant,PASS
1232,53,2021-01-30,GATK,Contamination
1233,405,2023-06-15,DeepVariant,Artifact
1234,261,2023-11-18,Strelka2,LowQuality
1235,247,2021-10-27,Mutect2,PASS
1236,125,2020-03-11,GATK,PASS
1237,66,2023-07-15,Mutect2,Contamination
1238,492,2021-10-15,Strelka2,PASS
1239,299,2021-01-21,DeepVariant,PASS
1240,241,2022-02-09,Strelka2,PASS
1241,189,2020-10-08,DeepVariant,PASS
1242,122,2022-11-12,GATK,LowQuality
1243,177,2020-08-29,DeepVariant,Artifact
1244,466,2020-11-01,GATK,PASS
1245,97,2024-11-30,Mutect2,Artifact
1246,355,2024-07-13,Strelka2,Contamination
1247,290,2021-07-28,Strelka2,LowQuality
1248,169,2021-01-30,GATK,LowQuality
1249,449,2023-05-18,Mutect2,PASS
1250,472,2022-03-04,DeepVariant,Artifact
1251,118,2023-03-16,DeepVariant,PASS
1252,247,2021-06-01,Mutect2,PASS
1253,205,2022-03-14,GATK,PASS
1254,6,2022-10-21,Strelka2,PASS
1255,285,2022-02-10,DeepVariant,PASS
1256,226,2022-08-09,Strelka2,PASS
1257,500,2020-07-20,DeepVariant,PASS
1258,146,2021-02-02,DeepVariant,PASS
1259,369,2020-04-01,Strelka2,Contamination
1260,126,2021-07-18,DeepVariant,PASS
1261,91,2020-10-21,GATK,PASS
1262,426,2021-12-03,DeepVariant,LowQuality
1263,336,2023-08-02,Strelka2,PASS
1264,157,2021-12-27,DeepVariant,PASS
1265,415,2021-04-25,DeepVariant,Contamination
1266,410,2022-03-19,Mutect2,Artifact
1267,34,2024-01-20,DeepVariant,PASS
1268,407,2020-08-08,DeepVariant,Contamination
1269,194,2024-08-29,Strelka2,PASS
1270,307,2021-10-31,DeepVariant,PASS
1271,391,2024-06-21,DeepVariant,Contamination
1272,151,2024-03-08,Strelka2,PASS
1273,28,2021-04-08,Strelka2,PASS
1274,436,2020-11-29,Mutect2,PASS
1275,373,2023-01-29,Mutect2,Artifact
1276,315,2023-03-17,DeepVariant,Contamination
1277,199,2024-11-23,Strelka2,LowQuality
1278,266,2023-06-18,DeepVariant,PASS
1279,365,2022-01-23,Mutect2,Artifact
1280,490,2023-02-07,Mutect2,PASS
1281,298,2020-08-07,GATK,PASS
1282,113,2022-04-13,Mutect2,PASS
1283,203,2023-09-12,Strelka2,LowQuality
1284,456,2023-01-28,DeepVariant,PASS
1285,131,2021-12-30,GATK,PASS
1286,385,2021-09-22,Strelka2,LowQuality
1287,266,2023-04-22,DeepVariant,Contamination
1288,22,2023-06-11,Strelka2,LowQuality
1289,231,2020-12-21,Mutect2,LowQuality
1290,189,2021-06-15,Strelka2,PASS
1291,196,2023-06-23,DeepVariant,LowQuality
1292,120,2020-12-24,GATK,PASS
1293,462,2021-04-04,Strelka2,Contamination
1294,263,2022-03-29,GATK,PASS
1295,475,2021-12-30,GATK,PASS
1296,37,2023-10-26,GATK,Contamination
1297,103,2023-03-11,DeepVariant,Artifact
1298,169,2021-03-16,Strelka2,Artifact
1299,418,2022-11-08,Strelka2,PASS
1300,362,2022-02-05,DeepVariant,Artifact
1301,379,2022-01-06,Strelka2,PASS
1302,395,2020-06-02,Strelka2,PASS
1303,401,2022-05-01,Mutect2,Contamination
1304,388,2022-08-06,GATK,LowQuality
1305,335,2024-03-15,DeepVariant,LowQuality
1306,117,2021-07-05,DeepVariant,LowQuality
1307,120,2021-05-02,Mutect2,Artifact
1308,417,2021-08-16,Strelka2,PASS
1309,161,2020-07-18,Mutect2,Artifact
1310,214,2021-12-25,Mutect2,LowQuality
1311,437,2021-10-10,GATK,PASS
1312,72,2024-07-29,DeepVariant,PASS
1313,483,2021-06-01,Mutect2,Artifact
1314,428,2020-07-08,Strelka2,PASS
1315,215,2024-06-02,Mutect2,Artifact
1316,276,2020-11-17,Strelka2,Contamination
1317,12,2022-10-24,GATK,PASS
1318,79,2021-07-09,Mutect2,LowQuality
1319,105,2021-08-12,GATK,Contamination
1320,198,2020-06-18,Mutect2,PASS
1321,169,2021-08-26,Mutect2,Artifact
1322,459,2022-12-06,GATK,PASS
1323,54,2024-09-08,DeepVariant,PASS
1324,424,2023-09-30,Mutect2,PASS
1325,96,2021-10-20,GATK,LowQuality
1326,146,2021-02-18,DeepVariant,PASS
1327,338,2023-12-31,GATK,LowQuality
1328,30,2022-12-05,GATK,PASS
1329,168,2023-04-01,Mutect2,PASS
1330,57,2020-11-11,Mutect2,LowQuality
1331,381,2022-12-21,Mutect2,PASS
1332,67,2021-03-15,Strelka2,LowQuality
1333,419,2024-05-22,Mutect2,PASS
1334,310,2024-03-30,Strelka2,Contamination
1335,104,2022-11-06,Mutect2,PASS
1336,104,2022-02-25,DeepVariant,LowQuality
1337,33,2022-09-13,DeepVariant,Contamination
1338,169,2021-08-26,Mutect2,LowQuality
1339,237,2024-05-12,GATK,Artifact
1340,47,2020-10-21,Mutect2,PASS
1341,359,2021-06-06,Strelka2,LowQuality
1342,314,2020-08-27,Mutect2,PASS
1343,92,2023-05-17,Mutect2,LowQuality
1344,197,2023-02-14,DeepVariant,Artifact
1345,292,2023-03-19,Mutect2,Artifact
1346,485,2023-06-22,DeepVariant,PASS
1347,141,2022-10-11,Strelka2,Artifact
1348,470,2020-05-07,DeepVariant,LowQuality
1349,211,2021-11-01,GATK,PASS
1350,40,2022-06-14,Strelka2,LowQuality
1351,231,2020-07-19,Strelka2,PASS
1352,260,2023-10-16,Mutect2,PASS
1353,38,2023-05-15,Mutect2,LowQuality
1354,176,2021-04-26,DeepVariant,LowQuality
1355,20,2020-01-15,Strelka2,PASS
1356,364,2022-03-26,Strelka2,Artifact
1357,384,2022-04-13,Mutect2,LowQuality
1358,35,2021-08-17,DeepVariant,Artifact
1359,487,2022-04-15,DeepVariant,LowQuality
1360,421,2022-01-17,DeepVariant,PASS
1361,430,2023-02-07,GATK,PASS
1362,151,2024-02-24,Mutect2,PASS
1363,40,2023-03-31,GATK,Artifact
1364,140,2020-09-22,Mutect2,PASS
1365,92,2022-10-23,GATK,Artifact
1366,273,2022-12-14,Mutect2,Artifact
1367,25,2024-09-18,GATK,LowQuality
1368,354,2020-11-21,Mutect2,PASS
1369,307,2021-03-28,GATK,LowQuality
1370,393,2021-06-26,DeepVariant,PASS
1371,466,2020-11-20,DeepVariant,PASS
1372,9,2022-04-11,GATK,PASS
1373,173,2022-02-27,GATK,PASS
1374,491,2021-01-05,DeepVariant,Artifact
1375,86,2020-12-08,Mutect2,Contamination
1376,56,2022-11-22,Strelka2,Contamination
1377,321,2023-09-21,DeepVariant,Contamination
1378,203,2023-12-29,GATK,PASS
1379,110,2023-12-17,Strelka2,PASS
1380,89,2020-05-19,Mutect2,Artifact
1381,162,2022-07-16,Mutect2,PASS
1382,235,2021-03-31,GATK,Artifact
1383,418,2022-04-15,Strelka2,PASS
1384,35,2021-10-25,Mutect2,PASS
1385,393,2022-01-15,Mutect2,PASS
1386,365,2022-04-16,DeepVariant,PASS
1387,492,2021-01-03,Strelka2,Artifact
1388,357,2024-05-22,DeepVariant,PASS
1389,90,2021-01-28,Strelka2,Artifact
1390,247,2021-01-17,Strelka2,PASS
1391,312,2021-08-28,Mutect2,LowQuality
1392,262,2024-05-29,DeepVariant,Contamination
1393,301,2024-08-06,GATK,PASS
1394,11,2021-09-26,GATK,PASS
1395,122,2022-10-03,DeepVariant,Contamination
1396,41,2022-11-24,DeepVariant,PASS
1397,256,2024-05-24,DeepVariant,PASS
1398,193,2021-04-13,GATK,PASS
1399,473,2022-07-02,Mutect2,Artifact
1400,450,2022-08-25,DeepVariant,PASS
1401,163,2021-10-25,GATK,Contamination
1402,406,2021-04-04,Strelka2,PASS
1403,118,2023-01-06,Strelka2,PASS
1404,106,2023-04-26,GATK,Artifact
1405,128,2024-09-03,DeepVariant,Contamination
1406,447,2023-05-30,Strelka2,PASS
1407,227,2022-11-22,GATK,PASS
1408,446,2023-02-19,GATK,PASS
1409,27,2021-04-04,DeepVariant,PASS
1410,65,2023-06-30,DeepVariant,Contamination
1411,282,2021-02-05,DeepVariant,Contamination
1412,41,2023-05-31,Mutect2,PASS
1413,85,2021-11-15,DeepVariant,LowQuality
1414,91,2021-04-15,DeepVariant,PASS
1415,147,2022-12-18,Mutect2,Artifact
1416,104,2022-07-11,Mutect2,PASS
1417,487,2022-03-06,Mutect2,LowQuality
1418,86,2021-07-15,Mutect2,LowQuality
1419,259,2021-11-30,Mutect2,PASS
1420,420,2020-12-18,GATK,LowQuality
1421,219,2020-09-25,Strelka2,Contamination
1422,276,2020-09-03,DeepVariant,PASS
1423,195,2022-06-02,Strelka2,LowQuality
1424,146,2021-05-16,Mutect2,PASS
1425,171,2023-12-05,Mutect2,PASS
1426,80,2021-04-02,GATK,PASS
1427,442,2024-08-25,Strelka2,LowQuality
1428,208,2020-10-24,Mutect2,Artifact
1429,192,2021-08-25,Mutect2,PASS
1430,329,2024-01-12,GATK,LowQuality
1431,454,2021-02-01,GATK,LowQuality
1432,478,2023-07-28,DeepVariant,PASS
1433,391,2024-03-21,Strelka2,Artifact
1434,179,2022-05-28,Mutect2,Artifact
1435,353,2024-04-08,GATK,Artifact
1436,198,2020-10-17,DeepVariant,PASS
1437,245,2020-11-11,Strelka2,Artifact
1438,362,2022-03-14,GATK,Artifact
1439,341,2024-01-31,DeepVariant,PASS
1440,310,2024-01-29,DeepVariant,PASS
1441,127,2020-12-02,DeepVariant,PASS
1442,60,2021-08-24,Mutect2,LowQuality
1443,362,2022-01-27,GATK,Contamination
1444,466,2020-10-25,Mutect2,PASS
1445,425,2022-07-28,Strelka2,Artifact
1446,155,2021-03-08,Mutect2,Contamination
1447,158,2022-12-04,GATK,PASS
1448,326,2023-09-30,Strelka2,PASS
1449,138,2023-05-02,Mutect2,Artifact
1450,158,2022-05-11,DeepVariant,LowQuality
1451,1,2022-09-09,GATK,Artifact
1452,214,2022-06-04,Mutect2,Artifact
1453,148,2023-07-09,DeepVariant,PASS
1454,192,2021-05-16,DeepVariant,PASS
1455,250,2021-06-14,GATK,LowQuality
1456,291,2020-04-23,DeepVariant,PASS
1457,31,2023-06-25,DeepVariant,PASS
1458,462,2021-09-18,Mutect2,Artifact
1459,468,2023-08-25,GATK,Artifact
1460,86,2020-12-26,Strelka2,PASS
1461,194,2023-11-11,Strelka2,PASS
1462,176,2020-10-19,DeepVariant,LowQuality
1463,249,2023-08-17,GATK,PASS
1464,32,2023-04-16,GATK,Artifact
1465,299,2020-05-10,GATK,PASS
1466,268,2023-12-15,Mutect2,Contamination
1467,267,2022-10-26,Mutect2,LowQuality
1468,388,2022-02-24,Mutect2,PASS
1469,190,2022-09-30,Strelka2,PASS
1470,419,2023-09-24,Strelka2,Artifact
1471,205,2022-06-21,GATK,PASS
1472,448,2022-06-24,GATK,PASS
1473,234,2023-09-04,Mutect2,Artifact
1474,428,2020-03-20,GATK,Contamination
1475,63,2022-12-20,Strelka2,Artifact
1476,385,2021-12-15,Strelka2,LowQuality
1477,317,2022-08-02,Mutect2,Contamination
1478,212,2024-01-22,DeepVariant,PASS
1479,327,2021-10-10,GATK,Artifact
1480,185,2021-09-02,Strelka2,Artifact
1481,228,2023-09-25,Mutect2,LowQuality
1482,379,2022-02-10,GATK,PASS
1483,220,2021-11-07,GATK,Artifact
1484,198,2020-08-11,DeepVariant,Artifact
1485,74,2021-12-26,GATK,PASS
1486,255,2024-02-10,Strelka2,Artifact
1487,281,2023-07-10,DeepVariant,LowQuality
1488,489,2022-05-06,Mutect2,Artifact
1489,277,2020-10-06,DeepVariant,PASS
1490,88,2022-12-16,GATK,PASS
1491,223,2022-03-16,DeepVariant,PASS
1492,463,2021-08-15,Strelka2,PASS
1493,369,2020-05-13,Mutect2,Artifact
1494,64,2023-09-01,DeepVariant,Contamination
1495,325,2020-10-14,GATK,Artifact
1496,171,2024-01-19,GATK,Artifact
1497,176,2021-04-15,Mutect2,Artifact
1498,329,2023-12-29,Mutect2,PASS
1499,115,2024-01-04,GATK,PASS
1500,45,2020-06-22,GATK,PASS
1501,380,2024-03-21,DeepVariant,Artifact
1502,483,2021-07-26,Strelka2,PASS
1503,437,2021-06-07,Mutect2,Contamination
1504,378,2021-04-27,Strelka2,PASS
1505,303,2024-02-01,DeepVariant,LowQuality
1506,217,2022-09-01,Strelka2,Artifact
1507,479,2023-08-07,DeepVariant,PASS
1508,203,2023-05-28,Mutect2,PASS
1509,75,2023-01-12,DeepVariant,LowQuality
1510,349,2023-03-15,DeepVariant,Contamination
1511,146,2021-01-18,GATK,Contamination
1512,164,2024-01-19,GATK,PASS
1513,435,2023-01-22,Mutect2,Artifact
1514,425,2022-04-11,Mutect2,PASS
1515,361,2023-06-09,GATK,PASS
1516,79,2021-05-08,DeepVariant,Artifact
1517,377,2022-09-22,DeepVariant,LowQuality
1518,373,2023-07-07,Strelka2,Artifact
1519,468,2022-12-30,GATK,Contamination
1520,201,2024-05-05,Mutect2,Artifact
1521,243,2022-07-30,Mutect2,LowQuality
1522,37,2024-01-20,Strelka2,PASS
1523,357,2024-02-13,Mutect2,PASS
1524,68,2020-07-30,GATK,Artifact
1525,156,2021-07-16,DeepVariant,Contamination
1526,71,2021-06-18,Mutect2,PASS
1527,460,2021-04-19,DeepVariant,PASS
1528,412,2023-04-11,GATK,PASS
1529,372,2023-09-06,GATK,Artifact
1530,403,2022-02-04,Mutect2,LowQuality
1531,348,2021-05-08,GATK,PASS
1532,183,2024-08-05,DeepVariant,PASS
1533,61,2024-09-03,Strelka2,Contamination
1534,223,2022-05-17,Mutect2,PASS
1535,18,2022-07-09,DeepVariant,LowQuality
1536,251,2021-09-07,DeepVariant,Artifact
1537,382,2021-09-22,GATK,LowQuality
1538,443,2023-04-16,Mutect2,PASS
1539,324,2024-06-08,Mutect2,PASS
1540,6,2022-11-14,GATK,PASS
1541,63,2022-11-29,DeepVariant,PASS
1542,301,2024-05-31,Mutect2,PASS
1543,356,2020-11-04,DeepVariant,LowQuality
1544,248,2022-06-26,Mutect2,PASS
1545,293,2022-09-21,GATK,PASS
1546,33,2023-02-21,DeepVariant,LowQuality
1547,417,2021-12-16,GATK,LowQuality
1548,285,2022-09-14,Mutect2,PASS
1549,266,2023-08-19,GATK,PASS
1550,495,2022-04-07,GATK,PASS
1551,442,2024-10-14,DeepVariant,PASS
1552,285,2022-07-30,Strelka2,PASS
1553,21,2023-05-26,DeepVariant,Artifact
1554,83,2022-06-16,Strelka2,PASS
1555,44,2021-04-30,Strelka2,PASS
1556,495,2022-02-07,DeepVariant,LowQuality
1557,484,2023-12-07,GATK,PASS
1558,154,2022-02-17,Strelka2,Artifact
1559,274,2024-05-16,DeepVariant,Contamination
1560,252,2023-12-23,Strelka2,Contamination
1561,467,2021-06-01,DeepVariant,Artifact
1562,51,2022-05-29,GATK,PASS
1563,19,2023-07-01,DeepVariant,PASS
1564,439,2022-02-15,DeepVariant,Contamination
1565,283,2022-11-01,Strelka2,PASS
1566,66,2023-12-21,Mutect2,PASS
1567,282,2021-03-03,Strelka2,LowQuality
1568,333,2023-05-17,Mutect2,LowQuality
1569,43,2021-04-07,Mutect2,Artifact
1570,74,2022-01-03,DeepVariant,PASS
1571,323,2023-08-13,DeepVariant,Artifact
1572,191,2022-06-22,DeepVariant,LowQuality
1573,421,2021-11-14,Strelka2,LowQuality
1574,195,2021-10-21,DeepVariant,PASS
1575,139,2023-03-27,GATK,Artifact
1576,281,2023-06-09,GATK,PASS
1577,328,2023-11-04,Strelka2,PASS
1578,399,2022-12-30,DeepVariant,PASS
1579,141,2021-11-29,GATK,LowQuality
1580,497,2021-12-04,Mutect2,PASS
1581,401,2021-12-09,DeepVariant,Contamination
1582,373,2023-05-24,Mutect2,PASS
1583,271,2023-10-02,Strelka2,Contamination
1584,139,2023-11-30,GATK,PASS
1585,88,2022-06-24,Mutect2,PASS
1586,177,2021-05-03,Mutect2,LowQuality
1587,304,2022-07-04,Strelka2,PASS
1588,352,2022-11-10,DeepVariant,Artifact
1589,65,2023-07-27,Mutect2,Contamination
1590,377,2023-01-10,GATK,Artifact
1591,328,2024-03-27,DeepVariant,Artifact
1592,312,2021-06-04,Mutect2,PASS
1593,225,2020-09-21,Mutect2,Contamination
1594,147,2022-07-17,Mutect2,Contamination
1595,483,2021-09-22,Strelka2,Artifact
1596,440,2023-04-29,Strelka2,LowQuality
1597,395,2020-06-09,GATK,Artifact
1598,41,2022-12-03,DeepVariant,PASS
1599,85,2022-05-27,GATK,PASS
1600,381,2023-04-11,Mutect2,PASS
1601,493,2022-05-03,DeepVariant,LowQuality
1602,255,2024-09-16,GATK,LowQuality
1603,8,2021-03-17,DeepVariant,Artifact
1604,4,2021-11-21,Mutect2,Artifact
1605,274,2024-03-26,DeepVariant,Artifact
1606,339,2022-07-31,GATK,Contamination
1607,230,2024-01-28,DeepVariant,PASS
1608,39,2023-12-16,DeepVariant,Contamination
1609,181,2022-12-26,Mutect2,LowQuality
1610,195,2022-01-03,Strelka2,PASS
1611,174,2024-02-01,DeepVariant,Contamination
1612,436,2020-05-13,Strelka2,PASS
1613,248,2021-12-28,Strelka2,PASS
1614,2,2020-12-25,Mutect2,PASS
1615,473,2022-02-02,GATK,LowQuality
1616,457,2023-12-05,Mutect2,PASS
1617,183,2023-12-10,Mutect2,PASS
1618,153,2022-03-31,GATK,PASS
1619,180,2022-02-15,Mutect2,PASS
1620,5,2023-01-31,Mutect2,LowQuality
1621,102,2022-12-31,DeepVariant,LowQuality
1622,64,2023-06-02,GATK,PASS
1623,394,2023-02-09,Strelka2,PASS
1624,241,2022-03-25,Strelka2,PASS
1625,187,2024-01-17,DeepVariant,Contamination
1626,416,2020-06-21,GATK,LowQuality
1627,337,2021-07-02,DeepVariant,PASS
1628,182,2023-04-20,GATK,PASS
1629,453,2022-11-22,DeepVariant,PASS
1630,98,2022-07-06,GATK,PASS
1631,203,2023-12-25,Strelka2,PASS
1632,83,2023-04-09,DeepVariant,LowQuality
1633,492,2021-10-22,Strelka2,PASS
1634,216,2024-08-30,Mutect2,Artifact
1635,366,2022-06-25,Strelka2,LowQuality
1636,257,2020-11-01,DeepVariant,PASS
1637,491,2021-01-11,GATK,PASS
1638,80,2021-06-20,GATK,Artifact
1639,122,2022-03-24,Strelka2,LowQuality
1640,500,2021-05-06,GATK,LowQuality
1641,246,2023-04-08,Strelka2,LowQuality
1642,43,2021-07-05,DeepVariant,Contamination
1643,79,2021-10-09,DeepVariant,PASS
1644,144,2023-08-24,Strelka2,Artifact
1645,127,2021-01-04,Mutect2,PASS
1646,243,2023-01-29,GATK,Artifact
1647,374,2023-05-21,DeepVariant,PASS
1648,438,2024-03-20,DeepVariant,PASS
1649,62,2022-09-28,Mutect2,PASS
1650,141,2022-03-02,DeepVariant,LowQuality
1651,10,2020-12-24,DeepVariant,PASS
1652,443,2022-06-14,Mutect2,LowQuality
1653,269,2023-01-15,DeepVariant,PASS
1654,173,2022-06-27,Mutect2,PASS
1655,262,2024-02-10,GATK,PASS
1656,57,2021-01-21,Strelka2,PASS
1657,483,2021-11-23,Mutect2,PASS
1658,164,2023-09-07,DeepVariant,PASS
1659,1,2022-08-17,Strelka2,PASS
1660,147,2022-10-25,Strelka2,Contamination
1661,52,2021-06-09,DeepVariant,PASS
1662,486,2024-07-01,Strelka2,PASS
1663,156,2021-01-20,GATK,Artifact
1664,7,2024-07-09,DeepVariant,PASS
1665,185,2022-02-11,Strelka2,PASS
1666,333,2023-07-14,DeepVariant,Contamination
1667,197,2022-04-27,GATK,PASS
1668,323,2024-01-31,GATK,PASS
1669,301,2024-07-12,DeepVariant,PASS
1670,361,2023-07-15,GATK,PASS
1671,483,2022-03-03,Strelka2,PASS
1672,372,2023-07-16,DeepVariant,Contamination
1673,370,2023-11-30,GATK,PASS
1674,99,2024-06-19,Strelka2,Contamination
1675,500,2020-12-29,Strelka2,LowQuality
1676,323,2023-05-28,Mutect2,PASS
1677,248,2022-03-02,GATK,PASS
1678,307,2021-08-13,DeepVariant,PASS
1679,24,2021-05-31,GATK,Artifact
1680,98,2022-09-02,Mutect2,Artifact
1681,273,2023-05-15,GATK,PASS
1682,225,2020-12-09,Mutect2,Contamination
1683,400,2022-05-27,Mutect2,Contamination
1684,140,2020-10-19,DeepVariant,PASS
1685,82,2021-11-06,DeepVariant,Contamination
1686,357,2023-11-10,Mutect2,Contamination
1687,363,2023-02-27,Strelka2,PASS
1688,437,2021-04-20,Strelka2,Artifact
1689,138,2023-10-24,GATK,PASS
1690,115,2023-09-17,DeepVariant,PASS
1691,21,2024-02-12,DeepVariant,PASS
1692,475,2021-11-12,Strelka2,PASS
1693,329,2023-07-22,DeepVariant,Contamination
1694,60,2021-07-08,Strelka2,Artifact
1695,310,2023-12-15,Strelka2,PASS
1696,485,2024-05-26,Strelka2,Artifact
1697,69,2021-10-31,Strelka2,PASS
1698,30,2023-04-16,GATK,PASS
1699,113,2022-05-23,DeepVariant,PASS
1700,498,2020-09-05,GATK,Artifact
1701,382,2022-03-01,Mutect2,Artifact
1702,132,2021-02-08,DeepVariant,LowQuality
1703,113,2022-06-15,Strelka2,PASS
1704,298,2020-12-02,Mutect2,PASS
1705,229,2020-12-13,Mutect2,PASS
1706,76,2022-04-02,GATK,LowQuality
1707,93,2023-10-23,DeepVariant,PASS
1708,97,2024-10-11,Mutect2,Artifact
1709,93,2024-01-27,Strelka2,PASS
1710,159,2021-02-22,DeepVariant,LowQuality
1711,352,2022-12-29,DeepVariant,PASS
1712,74,2021-05-10,Mutect2,PASS
1713,233,2023-04-13,Mutect2,PASS
1714,371,2022-11-21,DeepVariant,Artifact
1715,385,2021-08-16,GATK,LowQuality
1716,197,2022-03-24,GATK,PASS
1717,391,2024-07-05,GATK,PASS
1718,128,2023-10-30,Strelka2,PASS
1719,481,2022-05-26,GATK,PASS
1720,491,2021-01-10,Strelka2,Artifact
1721,44,2021-06-09,DeepVariant,LowQuality
1722,389,2024-07-18,Mutect2,PASS
1723,158,2022-10-24,Mutect2,PASS
1724,125,2020-01-29,Strelka2,Artifact
1725,279,2021-04-05,GATK,PASS
1726,53,2021-10-29,Strelka2,PASS
1727,262,2024-02-04,DeepVariant,PASS
1728,468,2023-02-01,GATK,PASS
1729,219,2021-02-27,DeepVariant,PASS
1730,336,2023-10-31,DeepVariant,Artifact
1731,197,2023-02-28,GATK,LowQuality
1732,87,2024-02-21,DeepVariant,PASS
1733,490,2022-10-21,Strelka2,PASS
1734,316,2023-12-31,GATK,PASS
1735,473,2021-10-12,GATK,Contamination
1736,78,2022-01-30,Mutect2,Contamination
1737,172,2023-02-14,DeepVariant,Artifact
1738,218,2023-01-29,Strelka2,Contamination
1739,419,2023-10-18,Strelka2,PASS
1740,139,2023-10-05,Strelka2,PASS
1741,416,2021-02-03,GATK,PASS
1742,442,2024-02-27,DeepVariant,PASS
1743,76,2022-02-15,Mutect2,Artifact
1744,408,2022-09-23,GATK,PASS
1745,296,2022-10-20,Strelka2,PASS
1746,47,2020-11-08,DeepVariant,PASS
1747,393,2021-09-28,Strelka2,PASS
1748,254,2022-06-05,Mutect2,Artifact
1749,499,2022-06-12,Strelka2,PASS
1750,411,2024-03-08,DeepVariant,LowQuality
1751,215,2024-08-05,Mutect2,Contamination
1752,274,2024-06-10,DeepVariant,LowQuality
1753,43,2021-09-21,Mutect2,Contamination
1754,296,2023-03-06,DeepVariant,Artifact
1755,45,2020-08-24,Strelka2,PASS
1756,105,2021-02-01,Strelka2,Contamination
1757,243,2022-04-11,GATK,PASS
1758,467,2021-05-30,Strelka2,PASS
1759,151,2024-08-14,DeepVariant,Contamination
1760,498,2021-03-31,DeepVariant,PASS
1761,424,2023-02-04,GATK,Artifact
1762,71,2021-01-03,DeepVariant,LowQuality
1763,376,2020-04-25,Mutect2,PASS
1764,28,2021-05-15,GATK,Artifact
1765,298,2020-02-21,Mutect2,Contamination
1766,446,2022-09-01,GATK,PASS
1767,188,2021-03-11,GATK,PASS
1768,40,2022-04-28,Mutect2,PASS
1769,392,2022-09-18,Mutect2,Artifact
1770,72,2024-07-04,Strelka2,LowQuality
1771,211,2021-07-13,Mutect2,Artifact
1772,356,2020-09-23,Strelka2,PASS
1773,80,2021-01-25,GATK,Contamination
1774,385,2021-11-06,DeepVariant,PASS
1775,203,2023-12-26,Mutect2,Contamination
1776,365,2021-11-25,Strelka2,Artifact
1777,117,2021-10-13,DeepVariant,PASS
1778,499,2021-12-30,Mutect2,PASS
1779,381,2023-03-04,Mutect2,Contamination
1780,29,2023-09-11,Mutect2,PASS
1781,422,2023-04-20,GATK,Artifact
1782,240,2023-02-22,Strelka2,Artifact
1783,329,2023-10-10,Mutect2,PASS
1784,28,2020-11-27,Mutect2,PASS
1785,139,2023-03-19,GATK,PASS
1786,186,2022-03-14,Strelka2,PASS
1787,123,2023-07-04,DeepVariant,Contamination
1788,55,2022-09-06,DeepVariant,Contamination
1789,6,2023-02-19,DeepVariant,Contamination
1790,104,2023-01-14,GATK,PASS
1791,138,2023-02-27,GATK,Contamination
1792,405,2023-11-10,GATK,PASS
1793,162,2022-08-26,Strelka2,PASS
1794,183,2024-04-29,Mutect2,Contamination
1795,100,2023-11-18,Mutect2,Artifact
1796,183,2024-02-11,GATK,PASS
1797,209,2022-03-21,GATK,Contamination
1798,414,2021-02-07,GATK,Contamination
1799,408,2022-08-05,Mutect2,Contamination
1800,445,2023-08-13,Strelka2,PASS
1801,78,2022-10-15,Mutect2,PASS
1802,454,2021-11-29,GATK,Artifact
1803,119,2022-09-26,DeepVariant,Artifact
1804,83,2023-01-14,Strelka2,LowQuality
1805,403,2022-01-27,Strelka2,PASS
1806,185,2022-06-25,Mutect2,PASS
1807,457,2024-01-22,Mutect2,PASS
1808,107,2021-04-19,GATK,PASS
1809,291,2020-11-22,Mutect2,PASS
1810,413,2022-09-16,DeepVariant,PASS
1811,281,2022-12-27,Mutect2,PASS
1812,233,2022-10-25,DeepVariant,PASS
1813,83,2022-06-06,Strelka2,Contamination
1814,187,2023-12-09,GATK,PASS
1815,92,2023-07-03,Mutect2,PASS
1816,243,2022-06-13,Mutect2,Artifact
1817,474,2021-01-07,GATK,Contamination
1818,250,2021-04-02,Strelka2,PASS
1819,206,2021-06-05,DeepVariant,LowQuality
1820,188,2021-09-17,Strelka2,PASS
1821,43,2021-11-12,Mutect2,Contamination
1822,231,2020-09-07,GATK,Contamination
1823,330,2023-07-14,DeepVariant,Artifact
1824,421,2022-06-11,GATK,PASS
1825,437,2021-02-20,Strelka2,LowQuality
1826,82,2021-11-05,Mutect2,PASS
1827,115,2024-03-10,Mutect2,Artifact
1828,48,2021-08-06,Mutect2,LowQuality
1829,329,2023-12-15,Mutect2,PASS
1830,44,2021-05-29,GATK,LowQuality
1831,394,2022-10-17,DeepVariant,LowQuality
1832,169,2020-12-11,Strelka2,PASS
1833,310,2024-02-13,DeepVariant,Artifact
1834,380,2024-01-21,GATK,PASS
1835,233,2022-06-06,DeepVariant,LowQuality
1836,75,2023-07-07,DeepVariant,PASS
1837,291,2020-01-22,Mutect2,PASS
1838,480,2023-07-26,Mutect2,LowQuality
1839,110,2023-11-20,DeepVariant,PASS
1840,488,2023-12-12,Mutect2,PASS
1841,130,2024-03-19,DeepVariant,PASS
1842,73,2023-08-07,Strelka2,LowQuality
1843,42,2020-08-06,Mutect2,LowQuality
1844,269,2022-11-29,Strelka2,PASS
1845,426,2021-01-18,GATK,LowQuality
1846,176,2021-03-05,DeepVariant,PASS
1847,179,2022-04-12,Mutect2,LowQuality
1848,275,2021-07-02,DeepVariant,Artifact
1849,224,2023-06-27,Mutect2,PASS
1850,288,2021-03-15,DeepVariant,PASS
1851,371,2023-02-01,DeepVariant,PASS
1852,341,2023-08-16,GATK,PASS
1853,460,2021-09-26,DeepVariant,LowQuality
1854,443,2022-10-28,GATK,Artifact
1855,209,2021-11-18,GATK,LowQuality
1856,483,2021-07-31,Mutect2,Artifact
1857,497,2022-06-05,GATK,PASS
1858,112,2021-04-25,Mutect2,Artifact
1859,280,2022-08-26,Mutect2,PASS
1860,179,2021-12-26,DeepVariant,Artifact
1861,296,2022-03-23,Strelka2,PASS
1862,9,2022-02-09,Strelka2,Contamination
1863,420,2020-06-18,Mutect2,Artifact
1864,234,2023-04-11,Mutect2,PASS
1865,181,2023-09-03,Mutect2,Contamination
1866,499,2022-05-03,GATK,PASS
1867,235,2021-07-16,Strelka2,PASS
1868,284,2021-11-20,DeepVariant,Contamination
1869,224,2023-07-11,Strelka2,Artifact
1870,353,2024-09-15,Mutect2,Artifact
1871,146,2021-10-30,GATK,PASS
1872,413,2022-11-01,GATK,Artifact
1873,9,2022-07-20,Mutect2,PASS
1874,255,2024-11-11,GATK,Artifact
1875,228,2024-02-10,GATK,Artifact
1876,149,2021-05-23,DeepVariant,PASS
1877,398,2022-12-14,Mutect2,PASS
1878,101,2020-09-13,GATK,PASS
1879,496,2023-05-13,Mutect2,Artifact
1880,361,2023-06-19,GATK,PASS
1881,401,2022-01-29,Strelka2,PASS
1882,451,2024-07-04,Strelka2,PASS
1883,430,2023-08-29,DeepVariant,PASS
1884,461,2020-11-21,GATK,PASS
1885,14,2021-01-03,Strelka2,Contamination
1886,420,2021-02-17,Strelka2,PASS
1887,88,2022-11-01,Mutect2,PASS
1888,285,2022-07-02,DeepVariant,Contamination
1889,330,2024-01-02,GATK,Contamination
1890,220,2021-05-13,Mutect2,Artifact
1891,89,2020-12-04,Strelka2,Contamination
1892,82,2021-08-29,DeepVariant,PASS
1893,364,2022-03-21,GATK,Artifact
1894,296,2022-10-02,Strelka2,Contamination
1895,82,2021-07-02,DeepVariant,PASS
1896,48,2021-02-22,Mutect2,PASS
1897,322,2024-09-24,DeepVariant,PASS
1898,317,2022-08-13,GATK,Contamination
1899,196,2023-06-23,DeepVariant,LowQuality
1900,325,2020-12-25,Strelka2,PASS
1901,123,2024-01-10,DeepVariant,PASS
1902,100,2024-03-10,DeepVariant,Artifact
1903,400,2022-05-21,Strelka2,Artifact
1904,27,2020-10-02,GATK,PASS
1905,322,2023-12-07,GATK,PASS
1906,236,2021-04-25,GATK,PASS
1907,73,2023-11-24,Strelka2,PASS
1908,48,2021-03-20,Mutect2,PASS
1909,468,2023-01-24,Mutect2,PASS
1910,252,2023-01-13,Mutect2,PASS
1911,250,2022-01-27,GATK,PASS
1912,352,2022-09-23,Mutect2,PASS
1913,325,2020-09-23,DeepVariant,PASS
1914,153,2021-10-06,DeepVariant,Artifact
1915,291,2020-11-24,GATK,PASS
1916,500,2020-12-27,Strelka2,LowQuality
1917,315,2023-12-16,GATK,PASS
1918,268,2024-04-20,GATK,PASS
1919,311,2023-08-20,GATK,Contamination
1920,263,2021-09-09,DeepVariant,PASS
1921,59,2020-12-15,GATK,PASS
1922,71,2021-02-24,GATK,Artifact
1923,355,2024-01-20,Strelka2,PASS
1924,247,2021-03-26,GATK,PASS
1925,363,2023-03-13,Strelka2,LowQuality
1926,382,2021-11-22,Mutect2,Contamination
1927,485,2023-12-21,DeepVariant,PASS
1928,89,2020-08-21,Strelka2,LowQuality
1929,53,2021-11-18,Strelka2,PASS
1930,407,2020-08-16,Mutect2,LowQuality
1931,453,2022-07-10,Mutect2,Contamination
1932,383,2021-08-13,Strelka2,Contamination
1933,56,2023-04-14,Mutect2,LowQuality
1934,103,2023-07-09,Strelka2,PASS
1935,460,2021-12-24,GATK,LowQuality
1936,86,2020-12-03,Strelka2,Contamination
1937,210,2024-05-07,Strelka2,LowQuality
1938,16,2022-05-03,DeepVariant,PASS
1939,220,2021-06-12,Strelka2,PASS
1940,38,2022-10-10,Strelka2,PASS
1941,75,2023-01-21,GATK,PASS
1942,164,2024-07-31,GATK,Artifact
1943,169,2021-02-25,Mutect2,Contamination
1944,408,2022-07-05,DeepVariant,Contamination
1945,34,2024-06-05,Strelka2,Contamination
1946,109,2022-07-20,DeepVariant,PASS
1947,288,2020-10-03,GATK,Contamination
1948,458,2022-12-27,Mutect2,Artifact
1949,388,2022-04-15,Strelka2,PASS
1950,102,2023-02-26,GATK,LowQuality
1951,256,2024-01-17,Strelka2,LowQuality
1952,62,2022-09-24,Mutect2,PASS
1953,308,2024-01-19,Mutect2,PASS
1954,296,2022-03-26,Strelka2,PASS
1955,330,2024-04-04,GATK,LowQuality
1956,146,2021-01-11,Mutect2,PASS
1957,459,2023-04-03,GATK,PASS
1958,331,2023-04-06,GATK,LowQuality
1959,49,2023-02-14,Strelka2,PASS
1960,163,2021-05-26,Mutect2,PASS
1961,285,2022-05-23,Mutect2,Contamination
1962,25,2024-05-17,Strelka2,Artifact
1963,233,2023-01-25,GATK,PASS
1964,481,2022-05-21,GATK,PASS
1965,115,2023-09-18,GATK,PASS
1966,54,2024-03-12,Mutect2,PASS
1967,88,2022-02-27,DeepVariant,Artifact
1968,462,2021-08-28,GATK,Artifact
1969,445,2023-08-20,Strelka2,PASS
1970,57,2020-09-30,Strelka2,PASS
1971,136,2022-05-27,Mutect2,PASS
1972,358,2021-04-19,DeepVariant,Contamination
1973,236,2020-08-24,DeepVariant,PASS
1974,442,2024-02-26,Mutect2,Artifact
1975,229,2021-07-25,GATK,Contamination
1976,271,2023-08-08,Mutect2,Artifact
1977,251,2021-08-27,Strelka2,Artifact
1978,248,2021-11-23,GATK,PASS
1979,393,2021-08-13,GATK,PASS
1980,286,2023-12-16,DeepVariant,Artifact
1981,40,2022-05-30,Mutect2,PASS
1982,109,2021-10-30,DeepVariant,LowQuality
1983,420,2020-10-30,DeepVariant,LowQuality
1984,54,2024-03-21,DeepVariant,Contamination
1985,390,2023-06-12,Strelka2,PASS
1986,363,2023-01-22,DeepVariant,Contamination
1987,55,2022-10-09,DeepVariant,PASS
1988,198,2020-10-31,DeepVariant,LowQuality
1989,97,2024-01-29,Strelka2,LowQuality
1990,85,2022-07-23,Strelka2,Contamination
1991,332,2021-03-17,DeepVariant,LowQuality
1992,449,2023-06-20,GATK,PASS
1993,9,2022-05-01,DeepVariant,PASS
1994,15,2023-04-06,Mutect2,PASS
1995,136,2022-02-08,GATK,PASS
1996,221,2024-03-02,DeepVariant,LowQuality
1997,258,2021-06-15,Strelka2,PASS
1998,226,2022-09-18,Strelka2,PASS
1999,26,2022-04-03,Mutect2,Artifact
2000,476,2024-03-17,DeepVariant,PASS
